order,category,appears_in_tabs,read_time_min,title,slug,excerpt,suggested_cta,priority,seo_title,meta_description,primary_keyword,secondary_keywords,full_article_markdown,source_urls
1,Poradniki,Wszystkie;Poradniki,16,Jak dostać się na studia za granicą? Kompletny przewodnik krok po kroku,/jak-dostac-sie-na-studia-za-granica,"Od wyboru kraju i kierunku po dokumenty, terminy, eseje i finansowanie — przewodnik, który pomaga zrozumieć proces aplikacji bez chaosu i przypadkowych decyzji.","Zgłoś się do Acadea, jeśli chcesz dopasować strategię do swojej sytuacji. Dostępne są także stypendia na wsparcie aplikacyjne.",pillar,Jak dostać się na studia za granicą? Przewodnik krok po kroku,"Chcesz studiować za granicą? Sprawdź, jak wybrać kraj, uczelnię, kierunek, przygotować dokumenty i zaplanować aplikację.",jak dostać się na studia za granicą,"studia za granicą, aplikacja na studia za granicą, dokumenty, terminy, stypendia","# Jak dostać się na studia za granicą? Kompletny przewodnik krok po kroku

Studia za granicą mogą otworzyć dostęp do świetnych uczelni, międzynarodowego środowiska i nowych możliwości zawodowych. Sama aplikacja bywa jednak dużo bardziej skomplikowana, niż wygląda na początku. Różne kraje mają inne terminy, inne dokumenty, inne wymagania i inne podejście do oceny kandydatów.

Dlatego przygotowania nie warto zaczynać od przypadkowego przeglądania rankingów albo list „najlepszych uczelni”. Lepiej najpierw zrozumieć, jak działa cały proces i które decyzje naprawdę wpływają na szanse przyjęcia.

## Wybierz system edukacji, nie tylko uczelnię

Wielu kandydatów zaczyna od pytania: „która uczelnia jest najlepsza?”. To naturalne, ale nie zawsze właściwe. W Wielkiej Brytanii aplikacja undergraduate zwykle przechodzi przez UCAS. W Holandii wiele programów jest dostępnych po angielsku, ale terminy i wymagania zależą od typu programu. W USA aplikacja jest bardziej holistyczna: oprócz ocen liczą się eseje, rekomendacje, aktywności, testy i kontekst kandydata. Wybór kraju jest więc wyborem całego systemu aplikacji.

## Sprawdź wymagania dla konkretnego programu

Jednym z najczęstszych błędów jest sprawdzanie wymagań zbyt ogólnie. Kandydat czyta, że „polska matura jest akceptowana” i zakłada, że to wystarczy. W praktyce liczą się konkretne przedmioty, poziomy, wyniki i wymagania programu. Ekonomia, informatyka albo inżynieria mogą wymagać matematyki; medycyna biologii i chemii; kierunki społeczne mocnego pisania i argumentacji.

## Ułóż realistyczną listę uczelni

Dobra lista nie powinna składać się wyłącznie z najbardziej znanych nazw. Powinna uwzględniać poziom selektywności, wymagania, koszty, lokalizację, strukturę programu i ryzyko finansowe. Nie ma jednej dobrej listy dla wszystkich: kandydat potrzebujący financial aid w USA powinien myśleć inaczej niż osoba aplikująca do Holandii albo Danii.

## Przygotuj dokumenty aplikacyjne

Najczęściej potrzebne są świadectwa, transkrypty ocen, wyniki matury lub IB, certyfikat językowy, CV, rekomendacje i tekst aplikacyjny. W zależności od kraju może to być personal statement, motivation letter, college essay albo kilka krótkich odpowiedzi. Dokumenty powinny tworzyć spójną całość, a nie zbiór przypadkowych plików.

## Pilnuj terminów

Terminy aplikacji różnią się między krajami i uczelniami. Holandia ma ogólne terminy 15 stycznia dla numerus fixus i 1 maja dla wielu pozostałych programów. Dania wskazuje m.in. 15 marca dla kandydatów bez duńskiego egzaminu. Szwecja ma główny nabór międzynarodowy z deadline’em w styczniu. W USA terminy zależą od trybu aplikacji: Early Decision, Early Action, Regular Decision albo Rolling Admission. Dlatego Acadea prowadzi grupę WhatsApp z przypomnieniami o wybranych deadline’ach.

## Policz koszty przed aplikacją

Studia za granicą to nie tylko czesne. Trzeba uwzględnić mieszkanie, jedzenie, transport, ubezpieczenie, testy, opłaty aplikacyjne, depozyt i koszty pierwszych tygodni. Czasem kraj z niskim czesnym okazuje się drogi przez mieszkania, a uczelnia z wysokim czesnym może oferować znaczącą pomoc finansową.

## Najczęstsze błędy

Najczęstsze błędy to zbyt późny start, wybór uczelni wyłącznie po prestiżu, kopiowanie strategii znajomych, traktowanie esejów jako formalności i brak planu finansowego. Większości z nich można uniknąć, jeśli proces jest zaplanowany wcześniej.

## Jak może pomóc Acadea?

Ten artykuł pokazuje najważniejsze zasady, ale nie zastąpi indywidualnej strategii. W aplikacji znaczenie mają kraj, kierunek, system edukacji, wyniki, budżet, dokumenty, terminy i historia konkretnego ucznia.

W Acadea pomagamy wybrać kraje, uczelnie i kierunki, uporządkować dokumenty, przygotować teksty aplikacyjne i szukać finansowania. Oferujemy również **stypendia na wsparcie aplikacyjne** dla osób, które potrzebują pomocy finansowej.

## Czytaj też

- [Ile kosztują studia za granicą?](/ile-kosztuja-studia-za-granica)
- [Studia w USA](/studia-w-usa)
- [Studia w Europie po angielsku](/studia-w-europie-po-angielsku)",https://www.ucas.com/applying/applying-to-university/dates-and-deadlines-for-uni-applications; https://www.studyinnl.org/plan-your-stay/how-to-apply; https://studyindenmark.dk/study-options/how-to-apply; https://www.universityadmissions.se/en/key-dates-and-deadlines/autumn-semester-dates/; https://www.commonapp.org/
2,Poradniki,Wszystkie;Poradniki,11,Dokumenty na studia za granicą — checklista dla kandydatów,/dokumenty-na-studia-za-granica,"Oceny, certyfikat językowy, rekomendacje, CV, eseje i dokumenty finansowe — zobacz, czego zwykle wymagają uczelnie i czego nie zostawiać na ostatnią chwilę.","Zgłoś się do Acadea, jeśli chcesz dopasować strategię do swojej sytuacji. Dostępne są także stypendia na wsparcie aplikacyjne.",high,Dokumenty na studia za granicą — checklista,"Sprawdź, jakie dokumenty są potrzebne przy aplikacji na studia za granicą.",dokumenty na studia za granicą,"studia za granicą, aplikacja, poradnik, Acadea","# Dokumenty na studia za granicą — checklista dla kandydatów

Oceny, certyfikat językowy, rekomendacje, CV, eseje i dokumenty finansowe — zobacz, czego zwykle wymagają uczelnie i czego nie zostawiać na ostatnią chwilę.

## Najczęściej wymagane dokumenty

Najczęściej pojawiają się świadectwa, transkrypty ocen, wyniki matury, IB albo A-levels, certyfikat językowy, CV, rekomendacje, personal statement, motivation letter albo eseje. Czasem uczelnia wymaga też portfolio, testu, rozmowy albo dokumentów finansowych.

## Oceny i przedmioty

Oceny są ważne, ale liczą się także konkretne przedmioty. Kandydat na ekonomię bez matematyki albo kandydat na medycynę bez biologii i chemii może mieć ograniczone możliwości, nawet jeśli ma ogólnie dobre wyniki.

## Certyfikat językowy

IELTS, TOEFL albo Duolingo English Test mogą być wymagane nawet od osób, które dobrze znają angielski. Niektóre uczelnie zwalniają kandydatów z testu, ale nie należy zakładać tego automatycznie.

## Teksty aplikacyjne

Personal statement, motivation letter i college essay nie są tym samym dokumentem. Każdy system oczekuje innego tonu i innej struktury. Jeden ogólny tekst wysyłany wszędzie rzadko działa dobrze.

## Rekomendacje i dokumenty finansowe

Rekomendacje powinny być konkretne, a dokumenty finansowe przygotowane wcześnie. Przy stypendiach i financial aid brak jednego formularza może opóźnić albo osłabić aplikację.

## Najczęstsze błędy

Najczęstsze błędy to zbieranie dokumentów za późno, brak tłumaczeń, nieczytelne skany, pominięcie podpisu, słaba rekomendacja i niedopasowanie tekstu do systemu aplikacji.

## Jak może pomóc Acadea?

Ten artykuł pokazuje najważniejsze zasady, ale nie zastąpi indywidualnej strategii. W aplikacji znaczenie mają kraj, kierunek, system edukacji, wyniki, budżet, dokumenty, terminy i historia konkretnego ucznia.

W Acadea pomagamy wybrać kraje, uczelnie i kierunki, uporządkować dokumenty, przygotować teksty aplikacyjne i szukać finansowania. Oferujemy również **stypendia na wsparcie aplikacyjne** dla osób, które potrzebują pomocy finansowej.

## Czytaj też

- [Jak dostać się na studia za granicą?](/jak-dostac-sie-na-studia-za-granica)
- [Ile kosztują studia za granicą?](/ile-kosztuja-studia-za-granica)",https://www.ucas.com/international/international-students; https://www.commonapp.org/apply/first-year-students/
3,Poradniki,Wszystkie;Poradniki,9,Terminy aplikacji na studia za granicą — dołącz do grupy WhatsApp,/terminy-aplikacji-studia-za-granica,"Deadline’y różnią się między krajami, uczelniami i stypendiami. Wyjaśniamy, jak ich pilnować i dlaczego aktualizacje publikujemy także na grupie WhatsApp Acadea.","Zgłoś się do Acadea, jeśli chcesz dopasować strategię do swojej sytuacji. Dostępne są także stypendia na wsparcie aplikacyjne.",high,Terminy aplikacji na studia za granicą — deadline’y i WhatsApp,"Sprawdź, kiedy aplikować na studia za granicą i dołącz do grupy WhatsApp Acadea.",terminy aplikacji na studia za granicą,"studia za granicą, aplikacja, poradnik, Acadea","# Terminy aplikacji na studia za granicą — dołącz do grupy WhatsApp

Deadline’y różnią się między krajami, uczelniami i stypendiami. Wyjaśniamy, jak ich pilnować i dlaczego aktualizacje publikujemy także na grupie WhatsApp Acadea.

## Dlaczego deadline’y są trudne

Kandydat pilnuje wielu terminów naraz: aplikacji, dokumentów, rekomendacji, egzaminu językowego, stypendium, odpowiedzi na ofertę, mieszkania i czasem wizy. Oficjalny deadline aplikacji nie jest więc jedyną datą, która ma znaczenie.

## Przykładowe systemy

UCAS publikuje oficjalne daty dla UK. Study in NL wskazuje 15 stycznia dla numerus fixus i 1 maja dla wielu innych programów. Dania ma ważny termin 15 marca dla kandydatów bez duńskiego egzaminu. Szwecja w pierwszej rundzie na jesień ma deadline w styczniu. W USA terminy zależą od uczelni i trybu aplikacji.

## Dlaczego WhatsApp

Artykuł na stronie może wyjaśniać ogólne zasady, ale przypomnienia o zbliżających się datach najlepiej działają w miejscu, które kandydaci regularnie sprawdzają. Dlatego Acadea prowadzi grupę WhatsApp z przypomnieniami o wybranych terminach aplikacyjnych.

## Co przygotować wcześniej

Wstępna lista uczelni, wymagania, certyfikat językowy, osoby do rekomendacji, szkice tekstów i plan finansowania powinny być gotowe dużo wcześniej niż finalny deadline.

## Ograniczenie ogólnych terminów

Grupa WhatsApp pomaga pilnować rytmu, ale nie zastąpi indywidualnego kalendarza. Ten powinien zależeć od Twoich konkretnych uczelni i stypendiów.

## Jak może pomóc Acadea?

Ten artykuł pokazuje najważniejsze zasady, ale nie zastąpi indywidualnej strategii. W aplikacji znaczenie mają kraj, kierunek, system edukacji, wyniki, budżet, dokumenty, terminy i historia konkretnego ucznia.

W Acadea pomagamy wybrać kraje, uczelnie i kierunki, uporządkować dokumenty, przygotować teksty aplikacyjne i szukać finansowania. Oferujemy również **stypendia na wsparcie aplikacyjne** dla osób, które potrzebują pomocy finansowej.

## Czytaj też

- [Jak dostać się na studia za granicą?](/jak-dostac-sie-na-studia-za-granica)
- [Ile kosztują studia za granicą?](/ile-kosztuja-studia-za-granica)",https://www.ucas.com/applying/applying-to-university/dates-and-deadlines-for-uni-applications; https://www.studyinnl.org/plan-your-stay/how-to-apply; https://studyindenmark.dk/study-options/how-to-apply; https://www.universityadmissions.se/en/key-dates-and-deadlines/autumn-semester-dates/
4,Poradniki,Wszystkie;Poradniki,9,"Rankingi uczelni: QS, THE, Shanghai — jak je czytać?",/rankingi-uczelni,"Rankingi mogą pomóc, ale potrafią też wprowadzać w błąd. Sprawdź, co naprawdę mierzą i dlaczego nie warto wybierać uczelni wyłącznie po pozycji w tabeli.","Zgłoś się do Acadea, jeśli chcesz dopasować strategię do swojej sytuacji. Dostępne są także stypendia na wsparcie aplikacyjne.",high,"Rankingi uczelni: QS, THE, Shanghai — jak je czytać?","Sprawdź, czym różnią się rankingi QS, THE i Shanghai oraz jak z nich korzystać.",rankingi uczelni,"studia za granicą, aplikacja, poradnik, Acadea","# Rankingi uczelni: QS, THE, Shanghai — jak je czytać?

Rankingi mogą pomóc, ale potrafią też wprowadzać w błąd. Sprawdź, co naprawdę mierzą i dlaczego nie warto wybierać uczelni wyłącznie po pozycji w tabeli.

## Rankingi mierzą różne rzeczy

QS, Times Higher Education i ShanghaiRanking mają różne metodologie. Jedne mocniej uwzględniają reputację, inne badania, cytowania, umiędzynarodowienie albo nagrody akademickie. Miejsce w rankingu nie jest więc neutralną prawdą o uczelni.

## Ranking uczelni to nie ranking kierunku

Uczelnia może być wysoko globalnie dzięki badaniom w jednej dziedzinie, ale niekoniecznie być najlepszym miejscem na Twój kierunek licencjacki. Zawsze trzeba sprawdzić program, przedmioty i ścieżki absolwentów.

## Kiedy ranking pomaga

Ranking może pomóc zawęzić listę, porównać rozpoznawalność i zrozumieć reputację uczelni. Może być ważny przy planach akademickich albo bardzo selektywnych ścieżkach.

## Kiedy ranking szkodzi

Ranking szkodzi, gdy zastępuje myślenie o kierunku, kosztach, wymaganiach i realnych szansach. Kandydat może wtedy stworzyć listę prestiżową, ale niepraktyczną.

## Jak używać rankingów

Najpierw określ kierunek, budżet i wymagania. Dopiero potem porównuj rankingi ogólne i kierunkowe. Ranking powinien być narzędziem, nie strategią.

## Jak może pomóc Acadea?

Ten artykuł pokazuje najważniejsze zasady, ale nie zastąpi indywidualnej strategii. W aplikacji znaczenie mają kraj, kierunek, system edukacji, wyniki, budżet, dokumenty, terminy i historia konkretnego ucznia.

W Acadea pomagamy wybrać kraje, uczelnie i kierunki, uporządkować dokumenty, przygotować teksty aplikacyjne i szukać finansowania. Oferujemy również **stypendia na wsparcie aplikacyjne** dla osób, które potrzebują pomocy finansowej.

## Czytaj też

- [Jak dostać się na studia za granicą?](/jak-dostac-sie-na-studia-za-granica)
- [Ile kosztują studia za granicą?](/ile-kosztuja-studia-za-granica)",https://www.topuniversities.com/world-university-rankings/methodology; https://www.timeshighereducation.com/world-university-rankings/methodology; https://www.shanghairanking.com/methodology/arwu/2025
5,Poradniki,Wszystkie;Poradniki,8,"IELTS, TOEFL czy Duolingo? Certyfikat językowy na studia za granicą",/ielts-toefl-duolingo,"Nie każda uczelnia akceptuje ten sam egzamin. Sprawdź, kiedy potrzebujesz certyfikatu językowego i dlaczego warto zaplanować go wcześniej.","Zgłoś się do Acadea, jeśli chcesz dopasować strategię do swojej sytuacji. Dostępne są także stypendia na wsparcie aplikacyjne.",high,"IELTS, TOEFL czy Duolingo? Certyfikat językowy na studia za granicą","Sprawdź, kiedy potrzebujesz certyfikatu językowego i który egzamin wybrać.",certyfikat językowy na studia za granicą,"studia za granicą, aplikacja, poradnik, Acadea","# IELTS, TOEFL czy Duolingo? Certyfikat językowy na studia za granicą

Nie każda uczelnia akceptuje ten sam egzamin. Sprawdź, kiedy potrzebujesz certyfikatu językowego i dlaczego warto zaplanować go wcześniej.

## Kiedy potrzebny jest certyfikat

Certyfikat językowy może być wymagany przy programach po angielsku, nawet jeśli kandydat dobrze zna język. Zwolnienia są możliwe, ale zależą od uczelni i wcześniejszej edukacji.

## IELTS, TOEFL i Duolingo

IELTS i TOEFL są klasycznymi egzaminami szeroko akceptowanymi przez uczelnie. Duolingo jest wygodniejszy logistycznie, ale nie każda uczelnia go akceptuje.

## Najpierw wymagania, potem egzamin

Nie wybieraj testu tylko dlatego, że jest tańszy albo szybszy. Najpierw sprawdź, co akceptują uczelnie z Twojej listy i jakie wyniki minimalne wymagają.

## Planowanie czasu

Egzamin trzeba zaplanować wcześniej, żeby mieć czas na wynik i ewentualną poprawkę. Brak certyfikatu może zablokować aplikację mimo dobrego profilu.

## Najczęstsze błędy

Najczęstsze błędy to zdanie testu nieakceptowanego przez uczelnię, zbyt późna rejestracja i założenie, że ocena z angielskiego w szkole automatycznie wystarczy.

## Jak może pomóc Acadea?

Ten artykuł pokazuje najważniejsze zasady, ale nie zastąpi indywidualnej strategii. W aplikacji znaczenie mają kraj, kierunek, system edukacji, wyniki, budżet, dokumenty, terminy i historia konkretnego ucznia.

W Acadea pomagamy wybrać kraje, uczelnie i kierunki, uporządkować dokumenty, przygotować teksty aplikacyjne i szukać finansowania. Oferujemy również **stypendia na wsparcie aplikacyjne** dla osób, które potrzebują pomocy finansowej.

## Czytaj też

- [Jak dostać się na studia za granicą?](/jak-dostac-sie-na-studia-za-granica)
- [Ile kosztują studia za granicą?](/ile-kosztuja-studia-za-granica)",https://www.ucas.com/international/international-students
6,Poradniki,Wszystkie;Poradniki,12,Jak napisać personal statement na studia w UK?,/jak-napisac-personal-statement,"Personal statement nie jest listą osiągnięć ani zwykłym listem motywacyjnym. Zobacz, jak pokazać zainteresowanie kierunkiem i uniknąć ogólników.","Zgłoś się do Acadea, jeśli chcesz dopasować strategię do swojej sytuacji. Dostępne są także stypendia na wsparcie aplikacyjne.",high,Jak napisać personal statement na studia w UK?,"Sprawdź, czym jest personal statement i jak napisać mocny tekst aplikacyjny.",jak napisać personal statement,"studia za granicą, aplikacja, poradnik, Acadea","# Jak napisać personal statement na studia w UK?

Personal statement nie jest listą osiągnięć ani zwykłym listem motywacyjnym. Zobacz, jak pokazać zainteresowanie kierunkiem i uniknąć ogólników.

## Personal statement zaczyna się od kierunku

Dobry personal statement pokazuje, dlaczego chcesz studiować dany kierunek i jak rozwijałeś zainteresowanie. Nie powinien być ogólną autobiografią ani listą osiągnięć.

## Konkret zamiast deklaracji

Zamiast pisać „od zawsze interesuję się ekonomią”, pokaż książkę, projekt, debatę, kurs albo problem, który naprawdę rozwinął Twoje myślenie.

## Struktura

Tekst może mieć wstęp, rozwój zainteresowań akademickich, doświadczenia, umiejętności i zakończenie. Nie ma jednak jednej struktury dla każdego kierunku.

## Czego unikać

Unikaj cytatów na początku, pustych zdań o pasji, pisania o prestiżu uczelni, kopiowania przykładów i próby zmieszczenia wszystkiego.

## Feedback

Dobry feedback dotyczy nie tylko języka, ale też logiki, selekcji treści i dopasowania do kierunku. Tekst powinien nadal brzmieć jak uczeń.

## Jak może pomóc Acadea?

Ten artykuł pokazuje najważniejsze zasady, ale nie zastąpi indywidualnej strategii. W aplikacji znaczenie mają kraj, kierunek, system edukacji, wyniki, budżet, dokumenty, terminy i historia konkretnego ucznia.

W Acadea pomagamy wybrać kraje, uczelnie i kierunki, uporządkować dokumenty, przygotować teksty aplikacyjne i szukać finansowania. Oferujemy również **stypendia na wsparcie aplikacyjne** dla osób, które potrzebują pomocy finansowej.

## Czytaj też

- [Jak dostać się na studia za granicą?](/jak-dostac-sie-na-studia-za-granica)
- [Ile kosztują studia za granicą?](/ile-kosztuja-studia-za-granica)",https://www.ucas.com/international/international-students
7,Poradniki,Wszystkie;Poradniki,8,List motywacyjny a personal statement — jaka jest różnica?,/list-motywacyjny-a-personal-statement,"Wiele osób myli te dwa dokumenty. Tymczasem różnią się strukturą, tonem i przeznaczeniem — szczególnie przy aplikacji do UK, Europy i USA.","Zgłoś się do Acadea, jeśli chcesz dopasować strategię do swojej sytuacji. Dostępne są także stypendia na wsparcie aplikacyjne.",medium,List motywacyjny a personal statement — jaka jest różnica?,"Sprawdź, czym różnią się list motywacyjny, personal statement i college essay.",list motywacyjny a personal statement,"studia za granicą, aplikacja, poradnik, Acadea","# List motywacyjny a personal statement — jaka jest różnica?

Wiele osób myli te dwa dokumenty. Tymczasem różnią się strukturą, tonem i przeznaczeniem — szczególnie przy aplikacji do UK, Europy i USA.

## Personal statement

Personal statement w UK jest zwykle kierunkowy i akademicki. Pokazuje zainteresowanie przedmiotem oraz przygotowanie do studiów.

## List motywacyjny

Motivation letter częściej pojawia się w Europie kontynentalnej. Może być bardziej formalny i mocniej odnosić się do konkretnego programu.

## Esej do USA

Eseje do USA często pokazują osobowość, wartości i sposób myślenia. Nie muszą być tak kierunkowe jak personal statement do UK.

## Najczęstszy błąd

Największy błąd to napisanie jednego tekstu i wysyłanie go wszędzie. Dokumenty trzeba dopasować do kraju, uczelni i pytania.

## Jak zdecydować

Najpierw przeczytaj instrukcję uczelni. Dopiero potem wybierz strukturę i treści. Nazwa dokumentu nie zawsze mówi wszystko.

## Jak może pomóc Acadea?

Ten artykuł pokazuje najważniejsze zasady, ale nie zastąpi indywidualnej strategii. W aplikacji znaczenie mają kraj, kierunek, system edukacji, wyniki, budżet, dokumenty, terminy i historia konkretnego ucznia.

W Acadea pomagamy wybrać kraje, uczelnie i kierunki, uporządkować dokumenty, przygotować teksty aplikacyjne i szukać finansowania. Oferujemy również **stypendia na wsparcie aplikacyjne** dla osób, które potrzebują pomocy finansowej.

## Czytaj też

- [Jak dostać się na studia za granicą?](/jak-dostac-sie-na-studia-za-granica)
- [Ile kosztują studia za granicą?](/ile-kosztuja-studia-za-granica)",https://www.commonapp.org/blog/announcing-2025-2026-common-app-essay-prompts/; https://www.ucas.com/international/international-students
8,Poradniki,Wszystkie;Poradniki,10,Jak wybrać kierunek studiów za granicą?,/jak-wybrac-kierunek-studiow-za-granica,"Dobry kierunek to nie tylko to, co brzmi ciekawie. Trzeba sprawdzić wymagania, strukturę programu, perspektywy i dopasowanie do profilu ucznia.","Zgłoś się do Acadea, jeśli chcesz dopasować strategię do swojej sytuacji. Dostępne są także stypendia na wsparcie aplikacyjne.",medium,Jak wybrać kierunek studiów za granicą?,"Sprawdź, jak wybrać kierunek studiów za granicą i na co patrzeć poza nazwą programu.",jak wybrać kierunek studiów za granicą,"studia za granicą, aplikacja, poradnik, Acadea","# Jak wybrać kierunek studiów za granicą?

Dobry kierunek to nie tylko to, co brzmi ciekawie. Trzeba sprawdzić wymagania, strukturę programu, perspektywy i dopasowanie do profilu ucznia.

## Nazwa kierunku to za mało

Business, economics, psychology czy computer science mogą oznaczać różne programy w różnych krajach. Sprawdź przedmioty obowiązkowe, styl nauki i możliwości specjalizacji.

## Wymagania przedmiotowe

Kierunek może wymagać konkretnych przedmiotów. Ekonomia i informatyka często wymagają matematyki, medycyna biologii i chemii, a kierunki społeczne mocnego pisania.

## Perspektywy po studiach

Niektóre zawody są regulowane i wymagają dalszych kwalifikacji. Dotyczy to m.in. prawa, medycyny, psychologii klinicznej i architektury.

## Dopasowanie do profilu

Dobry kierunek powinien pasować do wyników, umiejętności i sposobu pracy ucznia. Sama nazwa programu nie wystarczy.

## Najczęstsze błędy

Najczęstsze błędy to wybór kierunku po nazwie, kopiowanie decyzji znajomych i ignorowanie struktury programu.

## Jak może pomóc Acadea?

Ten artykuł pokazuje najważniejsze zasady, ale nie zastąpi indywidualnej strategii. W aplikacji znaczenie mają kraj, kierunek, system edukacji, wyniki, budżet, dokumenty, terminy i historia konkretnego ucznia.

W Acadea pomagamy wybrać kraje, uczelnie i kierunki, uporządkować dokumenty, przygotować teksty aplikacyjne i szukać finansowania. Oferujemy również **stypendia na wsparcie aplikacyjne** dla osób, które potrzebują pomocy finansowej.

## Czytaj też

- [Jak dostać się na studia za granicą?](/jak-dostac-sie-na-studia-za-granica)
- [Ile kosztują studia za granicą?](/ile-kosztuja-studia-za-granica)",
9,Poradniki,Wszystkie;Poradniki,9,Jak wybrać kraj na studia za granicą?,/jak-wybrac-kraj-na-studia-za-granica,"Kraj to nie wakacje. Liczą się koszty życia, styl nauki, język, rynek pracy, wymagania i to, czy dany system pasuje do Twoich planów.","Zgłoś się do Acadea, jeśli chcesz dopasować strategię do swojej sytuacji. Dostępne są także stypendia na wsparcie aplikacyjne.",medium,Jak wybrać kraj na studia za granicą?,"Sprawdź, jak wybrać kraj na studia za granicą i nie kierować się tylko rankingiem albo pogodą.",jak wybrać kraj na studia za granicą,"studia za granicą, aplikacja, poradnik, Acadea","# Jak wybrać kraj na studia za granicą?

Kraj to nie wakacje. Liczą się koszty życia, styl nauki, język, rynek pracy, wymagania i to, czy dany system pasuje do Twoich planów.

## System edukacji

Każdy kraj ma inny system: UK jest kierunkowe od początku, USA bardziej elastyczne, Holandia praktyczna, Dania i Szwecja wymagają dużej samodzielności.

## Koszty

Kraj z niskim czesnym może mieć drogie życie. Kraj z wysokim czesnym może oferować pomoc finansową. Trzeba patrzeć na cały budżet.

## Język i życie codzienne

Program może być po angielsku, ale praca studencka, praktyki i życie poza uczelnią często wymagają języka lokalnego.

## Rynek pracy

Jeśli chcesz zostać po studiach, sprawdź możliwości dla absolwentów, przepisy i lokalny rynek pracy.

## Najczęstsze błędy

Najczęstsze błędy to wybór kraju ze względu na popularność, znajomych albo klimat, bez sprawdzenia programu i kosztów.

## Jak może pomóc Acadea?

Ten artykuł pokazuje najważniejsze zasady, ale nie zastąpi indywidualnej strategii. W aplikacji znaczenie mają kraj, kierunek, system edukacji, wyniki, budżet, dokumenty, terminy i historia konkretnego ucznia.

W Acadea pomagamy wybrać kraje, uczelnie i kierunki, uporządkować dokumenty, przygotować teksty aplikacyjne i szukać finansowania. Oferujemy również **stypendia na wsparcie aplikacyjne** dla osób, które potrzebują pomocy finansowej.

## Czytaj też

- [Jak dostać się na studia za granicą?](/jak-dostac-sie-na-studia-za-granica)
- [Ile kosztują studia za granicą?](/ile-kosztuja-studia-za-granica)",https://education.ec.europa.eu/study-in-europe
10,Poradniki,Wszystkie;Poradniki,8,Jak poprosić nauczyciela o rekomendację?,/jak-poprosic-o-rekomendacje,"Dobra rekomendacja nie powinna być ogólną pochwałą. Zobacz, kogo poprosić, kiedy to zrobić i jak pomóc nauczycielowi napisać konkretny list.","Zgłoś się do Acadea, jeśli chcesz dopasować strategię do swojej sytuacji. Dostępne są także stypendia na wsparcie aplikacyjne.",medium,Jak poprosić nauczyciela o rekomendację na studia za granicą?,"Sprawdź, kogo poprosić o rekomendację i jak przygotować materiały dla nauczyciela.",rekomendacja od nauczyciela,"studia za granicą, aplikacja, poradnik, Acadea","# Jak poprosić nauczyciela o rekomendację?

Dobra rekomendacja nie powinna być ogólną pochwałą. Zobacz, kogo poprosić, kiedy to zrobić i jak pomóc nauczycielowi napisać konkretny list.

## Kogo poprosić

Najlepiej poprosić nauczyciela, który zna Cię akademicko i może napisać konkretnie o Twojej pracy. Nie zawsze musi to być osoba od najwyższej oceny.

## Kiedy poprosić

Wcześnie. Nauczyciel potrzebuje czasu, a okres aplikacji często nakłada się na intensywny czas w szkole.

## Co przekazać

Przygotuj krótką notatkę: kierunki, kraje, terminy, aktywności, projekty i elementy profilu. Nie pisz listu za nauczyciela, ale ułatw mu pracę.

## Czego unikać

Nie proś o „mocny list” bez kontekstu. Nie wysyłaj chaosu. Nie zakładaj, że nauczyciel zna różnice między UCAS i Common App.

## Spójność

Rekomendacja powinna wzmacniać resztę aplikacji i pokazywać konkretne przykłady, a nie ogólne pochwały.

## Jak może pomóc Acadea?

Ten artykuł pokazuje najważniejsze zasady, ale nie zastąpi indywidualnej strategii. W aplikacji znaczenie mają kraj, kierunek, system edukacji, wyniki, budżet, dokumenty, terminy i historia konkretnego ucznia.

W Acadea pomagamy wybrać kraje, uczelnie i kierunki, uporządkować dokumenty, przygotować teksty aplikacyjne i szukać finansowania. Oferujemy również **stypendia na wsparcie aplikacyjne** dla osób, które potrzebują pomocy finansowej.

## Czytaj też

- [Jak dostać się na studia za granicą?](/jak-dostac-sie-na-studia-za-granica)
- [Ile kosztują studia za granicą?](/ile-kosztuja-studia-za-granica)",https://www.commonapp.org/apply/first-year-students/
11,Poradniki,Wszystkie;Poradniki,10,Najczęstsze błędy w aplikacji na studia za granicą,/bledy-w-aplikacji-na-studia-za-granica,"Zbyt późny start, przypadkowa lista uczelni, słabe eseje i brak planu finansowego — sprawdź, które błędy najczęściej osłabiają aplikację.","Zgłoś się do Acadea, jeśli chcesz dopasować strategię do swojej sytuacji. Dostępne są także stypendia na wsparcie aplikacyjne.",high,Najczęstsze błędy w aplikacji na studia za granicą,"Sprawdź, jakie błędy najczęściej osłabiają aplikację na studia za granicą.",błędy w aplikacji na studia za granicą,"studia za granicą, aplikacja, poradnik, Acadea","# Najczęstsze błędy w aplikacji na studia za granicą

Zbyt późny start, przypadkowa lista uczelni, słabe eseje i brak planu finansowego — sprawdź, które błędy najczęściej osłabiają aplikację.

## Zbyt późny start

Aplikacja to nie formularz wypełniany w jeden wieczór. Wymaga listy uczelni, dokumentów, rekomendacji, tekstów i planu finansowania.

## Lista bez strategii

Nie wybieraj uczelni tylko po rankingach albo opiniach znajomych. Lista powinna mieć różne poziomy ryzyka i sens finansowy.

## Ignorowanie wymagań

Brak jednego przedmiotu może zamknąć część programów. To szczególnie ważne przy maturze, IB i A-levels.

## Generyczne teksty

Esej albo personal statement nie powinien brzmieć jak tekst każdego kandydata. Potrzebny jest konkret, refleksja i dopasowanie.

## Brak planu finansowego

Studia za granicą to czesne, mieszkanie, jedzenie, testy, dokumenty, depozyt i koszty pierwszych tygodni.

## Jak może pomóc Acadea?

Ten artykuł pokazuje najważniejsze zasady, ale nie zastąpi indywidualnej strategii. W aplikacji znaczenie mają kraj, kierunek, system edukacji, wyniki, budżet, dokumenty, terminy i historia konkretnego ucznia.

W Acadea pomagamy wybrać kraje, uczelnie i kierunki, uporządkować dokumenty, przygotować teksty aplikacyjne i szukać finansowania. Oferujemy również **stypendia na wsparcie aplikacyjne** dla osób, które potrzebują pomocy finansowej.

## Czytaj też

- [Jak dostać się na studia za granicą?](/jak-dostac-sie-na-studia-za-granica)
- [Ile kosztują studia za granicą?](/ile-kosztuja-studia-za-granica)",
12,Poradniki,Wszystkie;Poradniki,9,Czy warto korzystać z mentora przy aplikacji na studia za granicą?,/mentor-aplikacyjny-studia-za-granica,"Mentor nie powinien obiecywać przyjęcia ani pisać aplikacji za ucznia. Może jednak pomóc uporządkować proces, strategię i dokumenty.","Zgłoś się do Acadea, jeśli chcesz dopasować strategię do swojej sytuacji. Dostępne są także stypendia na wsparcie aplikacyjne.",high,Mentor aplikacyjny — czy warto korzystać z pomocy?,"Sprawdź, w czym może pomóc mentor aplikacyjny przy studiach za granicą.",mentor aplikacyjny,"studia za granicą, aplikacja, poradnik, Acadea","# Czy warto korzystać z mentora przy aplikacji na studia za granicą?

Mentor nie powinien obiecywać przyjęcia ani pisać aplikacji za ucznia. Może jednak pomóc uporządkować proces, strategię i dokumenty.

## Co robi mentor

Mentor pomaga dobrać kraje i uczelnie, sprawdzić wymagania, zaplanować terminy, przemyśleć teksty i uniknąć typowych błędów.

## Czego nie powinien robić

Nie powinien obiecywać przyjęcia, pisać esejów za ucznia ani wciskać każdemu tej samej listy uczelni.

## Kiedy pomoc ma sens

Pomoc jest szczególnie przydatna przy kilku krajach, potrzebie stypendium, nietypowym profilu albo bardzo selektywnych uczelniach.

## Dlaczego internet nie wystarczy

Internet daje informacje, ale nie powie automatycznie, które dotyczą Twojej sytuacji i jak ułożyć je w strategię.

## Uczciwe wsparcie

Dobra pomoc wzmacnia głos ucznia, ale go nie zastępuje.

## Jak może pomóc Acadea?

Ten artykuł pokazuje najważniejsze zasady, ale nie zastąpi indywidualnej strategii. W aplikacji znaczenie mają kraj, kierunek, system edukacji, wyniki, budżet, dokumenty, terminy i historia konkretnego ucznia.

W Acadea pomagamy wybrać kraje, uczelnie i kierunki, uporządkować dokumenty, przygotować teksty aplikacyjne i szukać finansowania. Oferujemy również **stypendia na wsparcie aplikacyjne** dla osób, które potrzebują pomocy finansowej.

## Czytaj też

- [Jak dostać się na studia za granicą?](/jak-dostac-sie-na-studia-za-granica)
- [Ile kosztują studia za granicą?](/ile-kosztuja-studia-za-granica)",
13,Poradniki,Wszystkie;Poradniki,8,Jak wygląda współpraca z mentorem aplikacyjnym?,/jak-wyglada-wspolpraca-z-mentorem-aplikacyjnym,"Od pierwszej konsultacji po wybór uczelni, teksty aplikacyjne i terminy — zobacz, jak może wyglądać uporządkowane wsparcie w aplikacji.","Zgłoś się do Acadea, jeśli chcesz dopasować strategię do swojej sytuacji. Dostępne są także stypendia na wsparcie aplikacyjne.",medium,Jak wygląda współpraca z mentorem aplikacyjnym?,"Zobacz, jak może wyglądać współpraca z mentorem przy aplikacji na studia za granicą.",współpraca z mentorem aplikacyjnym,"studia za granicą, aplikacja, poradnik, Acadea","# Jak wygląda współpraca z mentorem aplikacyjnym?

Od pierwszej konsultacji po wybór uczelni, teksty aplikacyjne i terminy — zobacz, jak może wyglądać uporządkowane wsparcie w aplikacji.

## Diagnoza profilu

Na początku trzeba zrozumieć oceny, system edukacji, przedmioty, aktywności, język, budżet i cele ucznia.

## Strategia krajów i uczelni

Mentor pomaga rozróżnić opcje ambitne, realistyczne i bezpieczniejsze oraz unikać listy przypadkowych uczelni.

## Kalendarz aplikacyjny

Proces obejmuje dokumenty, rekomendacje, testy, teksty, stypendia i odpowiedzi na oferty. Kalendarz zmniejsza chaos.

## Dokumenty i teksty

Praca nad tekstem to nie tylko korekta języka, ale decyzja, co pokazać i jak zbudować spójność.

## Finansowanie

Jeśli uczeń potrzebuje stypendium, finansowanie musi wpływać na strategię od początku.

## Jak może pomóc Acadea?

Ten artykuł pokazuje najważniejsze zasady, ale nie zastąpi indywidualnej strategii. W aplikacji znaczenie mają kraj, kierunek, system edukacji, wyniki, budżet, dokumenty, terminy i historia konkretnego ucznia.

W Acadea pomagamy wybrać kraje, uczelnie i kierunki, uporządkować dokumenty, przygotować teksty aplikacyjne i szukać finansowania. Oferujemy również **stypendia na wsparcie aplikacyjne** dla osób, które potrzebują pomocy finansowej.

## Czytaj też

- [Jak dostać się na studia za granicą?](/jak-dostac-sie-na-studia-za-granica)
- [Ile kosztują studia za granicą?](/ile-kosztuja-studia-za-granica)",
14,Poradniki,Wszystkie;Poradniki,8,Czy studia za granicą są dla mnie?,/czy-studia-za-granica-sa-dla-mnie,"Nie każdy powinien wybierać tę samą ścieżkę. Sprawdź, jak myśleć o gotowości akademickiej, finansowej i osobistej do wyjazdu.","Zgłoś się do Acadea, jeśli chcesz dopasować strategię do swojej sytuacji. Dostępne są także stypendia na wsparcie aplikacyjne.",medium,Czy studia za granicą są dla mnie?,"Sprawdź, jak ocenić gotowość akademicką, finansową i osobistą do wyjazdu.",czy studia za granicą są dla mnie,"studia za granicą, aplikacja, poradnik, Acadea","# Czy studia za granicą są dla mnie?

Nie każdy powinien wybierać tę samą ścieżkę. Sprawdź, jak myśleć o gotowości akademickiej, finansowej i osobistej do wyjazdu.

## Gotowość akademicka

Studia za granicą często wymagają samodzielności, pisania, czytania, projektów i pracy bez ciągłego prowadzenia za rękę.

## Gotowość finansowa

Nawet przy niskim czesnym wyjazd kosztuje. Mieszkanie, jedzenie, transport i depozyt trzeba policzyć przed decyzją.

## Gotowość osobista

Wyjazd oznacza nowe środowisko, samotność, formalności i adaptację. To nie powód do rezygnacji, ale powód do przygotowania.

## Czy lepiej zostać w Polsce

Czasem tak. Jeśli zagraniczna opcja nie jest realistyczna finansowo albo program w Polsce jest bardzo dobry, można rozważyć wyjazd później.

## Kiedy wyjazd ma sens

Gdy program, środowisko i możliwości za granicą pasują do celów ucznia lepiej niż lokalne opcje.

## Jak może pomóc Acadea?

Ten artykuł pokazuje najważniejsze zasady, ale nie zastąpi indywidualnej strategii. W aplikacji znaczenie mają kraj, kierunek, system edukacji, wyniki, budżet, dokumenty, terminy i historia konkretnego ucznia.

W Acadea pomagamy wybrać kraje, uczelnie i kierunki, uporządkować dokumenty, przygotować teksty aplikacyjne i szukać finansowania. Oferujemy również **stypendia na wsparcie aplikacyjne** dla osób, które potrzebują pomocy finansowej.

## Czytaj też

- [Jak dostać się na studia za granicą?](/jak-dostac-sie-na-studia-za-granica)
- [Ile kosztują studia za granicą?](/ile-kosztuja-studia-za-granica)",
15,Poradniki,Wszystkie;Poradniki,9,"Studia za granicą z polską maturą, IB albo A-levels",/studia-za-granica-polska-matura-ib-a-levels,"Polska matura, IB i A-levels mogą otwierać różne drzwi — ale wymagania zależą od kraju, kierunku i konkretnych przedmiotów.","Zgłoś się do Acadea, jeśli chcesz dopasować strategię do swojej sytuacji. Dostępne są także stypendia na wsparcie aplikacyjne.",high,"Studia za granicą z polską maturą, IB i A-levels","Sprawdź, jak uczelnie patrzą na polską maturę, IB i A-levels.",studia za granicą z polską maturą,"studia za granicą, aplikacja, poradnik, Acadea","# Studia za granicą z polską maturą, IB albo A-levels

Polska matura, IB i A-levels mogą otwierać różne drzwi — ale wymagania zależą od kraju, kierunku i konkretnych przedmiotów.

## Polska matura

Polska matura jest akceptowana przez wiele uczelni, ale znaczenie mają rozszerzenia, wyniki i sposób przeliczania przez uczelnię.

## IB

IB jest rozpoznawalne międzynarodowo, ale liczy się nie tylko wynik końcowy. Ważne są przedmioty HL i SL, szczególnie przy selektywnych kierunkach.

## A-levels

A-levels są przejrzyste dla uczelni brytyjskich, ale wymagają dobrego wyboru przedmiotów. Źle dobrane A-levels mogą ograniczyć opcje.

## Czy można aplikować bez idealnych wyników

Czasem tak, ale zależy to od kraju i kierunku. Niektóre systemy są elastyczne, inne bardzo formalne.

## Najczęstsze błędy

Najczęstszy błąd to wybór przedmiotów przed sprawdzeniem wymagań wymarzonych kierunków.

## Jak może pomóc Acadea?

Ten artykuł pokazuje najważniejsze zasady, ale nie zastąpi indywidualnej strategii. W aplikacji znaczenie mają kraj, kierunek, system edukacji, wyniki, budżet, dokumenty, terminy i historia konkretnego ucznia.

W Acadea pomagamy wybrać kraje, uczelnie i kierunki, uporządkować dokumenty, przygotować teksty aplikacyjne i szukać finansowania. Oferujemy również **stypendia na wsparcie aplikacyjne** dla osób, które potrzebują pomocy finansowej.

## Czytaj też

- [Jak dostać się na studia za granicą?](/jak-dostac-sie-na-studia-za-granica)
- [Ile kosztują studia za granicą?](/ile-kosztuja-studia-za-granica)",https://www.ucas.com/international/international-students
16,Kraje,Wszystkie;Kraje,14,"Studia w USA — aplikacja, eseje, SAT i financial aid",/studia-w-usa,"Aplikacja do USA różni się od europejskich systemów. Wyjaśniamy Common App, eseje, extracurriculars, testy i pomoc finansową dla international students.","Zgłoś się do Acadea, jeśli chcesz dopasować strategię do swojej sytuacji. Dostępne są także stypendia na wsparcie aplikacyjne.",pillar,"Studia w USA — aplikacja, eseje, SAT i financial aid","Aplikacja do USA różni się od europejskich systemów. Wyjaśniamy Common App, eseje, extracurriculars, testy i pomoc finansową dla international students.",studia w USA,"studia za granicą, kraje, koszty, aplikacja","# Studia w USA — aplikacja, eseje, SAT i financial aid

Aplikacja do USA różni się od europejskich systemów. Wyjaśniamy Common App, eseje, extracurriculars, testy i pomoc finansową dla international students.

## Holistyczna aplikacja

USA często ocenia kandydata szerzej niż wiele systemów europejskich: liczą się oceny, eseje, rekomendacje, aktywności, testy, kontekst szkoły i finansowanie.

## Common App

Common App pozwala aplikować do wielu uczelni, ale sam formularz nie zastępuje strategii. Wiele uczelni wymaga dodatkowych esejów.

## Eseje

Eseje do USA pokazują osobowość, wartości i sposób myślenia. Nie powinny być kopią personal statement do UK.

## SAT i ACT

Część uczelni wymaga testów, część jest test-optional. Decyzja zależy od listy uczelni i wyniku próbnego.

## Financial aid

Niektóre uczelnie oferują pomoc finansową international students, ale zasady są różne: need-blind, need-aware albo merit scholarships.

## Najczęstsze błędy

Najczęstsze błędy to generyczne eseje, przypadkowa lista aktywności, źle dobrana lista uczelni i brak planu finansowego.

## Jak może pomóc Acadea?

Ten artykuł pokazuje najważniejsze zasady, ale nie zastąpi indywidualnej strategii. W aplikacji znaczenie mają kraj, kierunek, system edukacji, wyniki, budżet, dokumenty, terminy i historia konkretnego ucznia.

W Acadea pomagamy wybrać kraje, uczelnie i kierunki, uporządkować dokumenty, przygotować teksty aplikacyjne i szukać finansowania. Oferujemy również **stypendia na wsparcie aplikacyjne** dla osób, które potrzebują pomocy finansowej.

## Czytaj też

- [Jak wybrać kraj na studia za granicą?](/jak-wybrac-kraj-na-studia-za-granica)
- [Ile kosztują studia za granicą?](/ile-kosztuja-studia-za-granica)",https://www.commonapp.org/; https://www.commonapp.org/apply/first-year-students/; https://college.harvard.edu/admissions/apply/international-applicants; https://mitadmissions.org/help/faq/need-blind-admissions/
17,Kraje,Wszystkie;Kraje,12,Studia w Europie po angielsku — gdzie warto aplikować?,/studia-w-europie-po-angielsku,"Holandia, Dania, Szwecja, Austria, Włochy, Hiszpania czy Belgia? Zobacz, jak porównywać kraje, koszty i programy po angielsku.","Zgłoś się do Acadea, jeśli chcesz dopasować strategię do swojej sytuacji. Dostępne są także stypendia na wsparcie aplikacyjne.",pillar,Studia w Europie po angielsku — gdzie warto aplikować?,"Holandia, Dania, Szwecja, Austria, Włochy, Hiszpania czy Belgia? Zobacz, jak porównywać kraje, koszty i programy po angielsku.",studia w Europie po angielsku,"studia za granicą, kraje, koszty, aplikacja","# Studia w Europie po angielsku — gdzie warto aplikować?

Holandia, Dania, Szwecja, Austria, Włochy, Hiszpania czy Belgia? Zobacz, jak porównywać kraje, koszty i programy po angielsku.

## Dlaczego Europa

Europa daje wiele programów po angielsku i często niższe koszty niż USA lub UK, ale każdy kraj ma własny system.

## Holandia

Dużo programów po angielsku i praktyczny styl nauki, ale trzeba uważać na mieszkania i numerus fixus.

## Dania i Szwecja

Dobre środowisko i praktyczny styl, ale wysokie koszty życia i konkretne terminy aplikacji.

## Niemcy i Austria

Atrakcyjne kosztowo, szczególnie publiczne uczelnie, ale mniej bachelorów po angielsku w niektórych dziedzinach.

## Włochy i Hiszpania

Ciekawe dla biznesu, designu, architektury i nauk społecznych, ale trzeba sprawdzić język programu i formalności.

## Jak porównywać

Porównuj wymagania, budżet, język, terminy, mieszkania i możliwości po studiach, nie tylko prestiż.

## Jak może pomóc Acadea?

Ten artykuł pokazuje najważniejsze zasady, ale nie zastąpi indywidualnej strategii. W aplikacji znaczenie mają kraj, kierunek, system edukacji, wyniki, budżet, dokumenty, terminy i historia konkretnego ucznia.

W Acadea pomagamy wybrać kraje, uczelnie i kierunki, uporządkować dokumenty, przygotować teksty aplikacyjne i szukać finansowania. Oferujemy również **stypendia na wsparcie aplikacyjne** dla osób, które potrzebują pomocy finansowej.

## Czytaj też

- [Jak wybrać kraj na studia za granicą?](/jak-wybrac-kraj-na-studia-za-granica)
- [Ile kosztują studia za granicą?](/ile-kosztuja-studia-za-granica)",https://www.studyinnl.org/plan-your-stay/how-to-apply; https://studyindenmark.dk/study-options/how-to-apply; https://www.universityadmissions.se/en/key-dates-and-deadlines/autumn-semester-dates/; https://education.ec.europa.eu/study-in-europe/country-profiles/spain
18,Kraje,Wszystkie;Kraje,10,Studia w Holandii — przewodnik dla polskich maturzystów,/studia-w-holandii-po-angielsku,"Holandia przyciąga programami po angielsku i praktycznym stylem nauki, ale trzeba uważać na terminy, wymagania i zakwaterowanie.","Zgłoś się do Acadea, jeśli chcesz dopasować strategię do swojej sytuacji. Dostępne są także stypendia na wsparcie aplikacyjne.",high,Studia w Holandii — przewodnik dla polskich maturzystów,"Holandia przyciąga programami po angielsku i praktycznym stylem nauki, ale trzeba uważać na terminy, wymagania i zakwaterowanie.",studia w Holandii,"studia za granicą, kraje, koszty, aplikacja","# Studia w Holandii — przewodnik dla polskich maturzystów

Holandia przyciąga programami po angielsku i praktycznym stylem nauki, ale trzeba uważać na terminy, wymagania i zakwaterowanie.

## Dlaczego Holandia

Holandia oferuje wiele programów po angielsku, szczególnie w biznesie, ekonomii, psychologii, naukach społecznych i technologii.

## Terminy

Ogólne terminy to 15 stycznia dla numerus fixus i 1 maja dla wielu pozostałych programów, ale uczelnie mogą mieć własne daty.

## Koszty

Czesne dla UE bywa korzystne, ale mieszkania są dużym wyzwaniem. Budżet trzeba liczyć z wyprzedzeniem.

## Dla kogo

Dla osób samodzielnych, które lubią praktyczny styl nauki i chcą studiować po angielsku w Europie.

## Na co uważać

Zakwaterowanie, konkurencja na popularnych programach i założenie, że każdy program pasuje do każdego profilu.

## Jak może pomóc Acadea?

Ten artykuł pokazuje najważniejsze zasady, ale nie zastąpi indywidualnej strategii. W aplikacji znaczenie mają kraj, kierunek, system edukacji, wyniki, budżet, dokumenty, terminy i historia konkretnego ucznia.

W Acadea pomagamy wybrać kraje, uczelnie i kierunki, uporządkować dokumenty, przygotować teksty aplikacyjne i szukać finansowania. Oferujemy również **stypendia na wsparcie aplikacyjne** dla osób, które potrzebują pomocy finansowej.

## Czytaj też

- [Jak wybrać kraj na studia za granicą?](/jak-wybrac-kraj-na-studia-za-granica)
- [Ile kosztują studia za granicą?](/ile-kosztuja-studia-za-granica)",https://www.studyinnl.org/plan-your-stay/how-to-apply; https://www.government.nl/themes/education/secondary-vocational-education-mbo-and-tertiary-higher-education/tertiary-higher-education/applying-for-a-course-at-an-institute-of-tertiary-education
19,Kraje,Wszystkie;Kraje,10,"Studia w UK po Brexicie — aplikacja, koszty i UCAS",/studia-w-uk-po-brexicie,"Wielka Brytania nadal ma świetne uczelnie, ale po Brexicie wymaga dokładniejszego planu finansowego, UCAS i mocnych dokumentów.","Zgłoś się do Acadea, jeśli chcesz dopasować strategię do swojej sytuacji. Dostępne są także stypendia na wsparcie aplikacyjne.",high,"Studia w UK po Brexicie — aplikacja, koszty i UCAS","Wielka Brytania nadal ma świetne uczelnie, ale po Brexicie wymaga dokładniejszego planu finansowego, UCAS i mocnych dokumentów.",studia w UK po Brexicie,"studia za granicą, kraje, koszty, aplikacja","# Studia w UK po Brexicie — aplikacja, koszty i UCAS

Wielka Brytania nadal ma świetne uczelnie, ale po Brexicie wymaga dokładniejszego planu finansowego, UCAS i mocnych dokumentów.

## UCAS

Większość aplikacji undergraduate przechodzi przez UCAS. Trzeba pilnować oficjalnych dat i wcześniejszych terminów dla wybranych kierunków.

## Personal statement

Tekst powinien być kierunkowy, konkretny i akademicki. Nie wystarczy pisać o prestiżu uczelni.

## Koszty

Po Brexicie kandydaci z UE często muszą patrzeć na UK jak international students. Trzeba sprawdzić czesne, życie i wizę.

## Czy UK ma sens

Tak, jeśli program jest mocny, strategia finansowa realna i kandydat rozumie system.

## Najczęstsze błędy

Zbyt późny personal statement, lista uczelni tylko po prestiżu i brak planu finansowania.

## Jak może pomóc Acadea?

Ten artykuł pokazuje najważniejsze zasady, ale nie zastąpi indywidualnej strategii. W aplikacji znaczenie mają kraj, kierunek, system edukacji, wyniki, budżet, dokumenty, terminy i historia konkretnego ucznia.

W Acadea pomagamy wybrać kraje, uczelnie i kierunki, uporządkować dokumenty, przygotować teksty aplikacyjne i szukać finansowania. Oferujemy również **stypendia na wsparcie aplikacyjne** dla osób, które potrzebują pomocy finansowej.

## Czytaj też

- [Jak wybrać kraj na studia za granicą?](/jak-wybrac-kraj-na-studia-za-granica)
- [Ile kosztują studia za granicą?](/ile-kosztuja-studia-za-granica)",https://www.ucas.com/applying/applying-to-university/dates-and-deadlines-for-uni-applications; https://www.ucas.com/international/international-students
20,Kraje,Wszystkie;Kraje,10,Bezpłatne studia w Niemczech — jak to możliwe i jak aplikować?,/bezplatne-studia-w-niemczech,"Niemcy mogą być bardzo atrakcyjne finansowo, szczególnie na uczelniach publicznych. Sprawdź, kiedy niski koszt naprawdę oznacza dobrą opcję.","Zgłoś się do Acadea, jeśli chcesz dopasować strategię do swojej sytuacji. Dostępne są także stypendia na wsparcie aplikacyjne.",medium,Bezpłatne studia w Niemczech — jak to możliwe i jak aplikować?,"Niemcy mogą być bardzo atrakcyjne finansowo, szczególnie na uczelniach publicznych. Sprawdź, kiedy niski koszt naprawdę oznacza dobrą opcję.",bezpłatne studia w Niemczech,"studia za granicą, kraje, koszty, aplikacja","# Bezpłatne studia w Niemczech — jak to możliwe i jak aplikować?

Niemcy mogą być bardzo atrakcyjne finansowo, szczególnie na uczelniach publicznych. Sprawdź, kiedy niski koszt naprawdę oznacza dobrą opcję.

## Dlaczego Niemcy

Niemcy mają mocne uczelnie publiczne i często niskie opłaty, szczególnie w porównaniu z krajami anglojęzycznymi.

## Programy po angielsku

Na poziomie magisterskim wybór jest większy niż na licencjacie. Bachelor po angielsku trzeba sprawdzić bardzo dokładnie.

## Koszty

Brak czesnego nie oznacza braku kosztów. DAAD podkreśla konieczność planowania kosztów życia.

## Aplikacja

Terminy i procedury zależą od uczelni. Część aplikacji może iść przez uni-assist, część bezpośrednio.

## Na co uważać

Nie każdy program jest po angielsku, a formalności mogą być szczegółowe.

## Jak może pomóc Acadea?

Ten artykuł pokazuje najważniejsze zasady, ale nie zastąpi indywidualnej strategii. W aplikacji znaczenie mają kraj, kierunek, system edukacji, wyniki, budżet, dokumenty, terminy i historia konkretnego ucznia.

W Acadea pomagamy wybrać kraje, uczelnie i kierunki, uporządkować dokumenty, przygotować teksty aplikacyjne i szukać finansowania. Oferujemy również **stypendia na wsparcie aplikacyjne** dla osób, które potrzebują pomocy finansowej.

## Czytaj też

- [Jak wybrać kraj na studia za granicą?](/jak-wybrac-kraj-na-studia-za-granica)
- [Ile kosztują studia za granicą?](/ile-kosztuja-studia-za-granica)",https://www.daad.de/en/studying-in-germany/living-in-germany/finances/; https://www2.daad.de/deutschland/studienangebote/international-programmes/en/
21,Kraje,Wszystkie;Kraje,9,"Studia w Hiszpanii — słońce, kultura i dyplom uznawany w całej Europie",/studia-w-hiszpanii,"Hiszpania to nie tylko Madryt i Barcelona. To także uczelnie, programy po angielsku, kierunki biznesowe i rosnące możliwości dla absolwentów.","Zgłoś się do Acadea, jeśli chcesz dopasować strategię do swojej sytuacji. Dostępne są także stypendia na wsparcie aplikacyjne.",medium,"Studia w Hiszpanii — słońce, kultura i dyplom uznawany w całej Europie","Hiszpania to nie tylko Madryt i Barcelona. To także uczelnie, programy po angielsku, kierunki biznesowe i rosnące możliwości dla absolwentów.",studia w Hiszpanii,"studia za granicą, kraje, koszty, aplikacja","# Studia w Hiszpanii — słońce, kultura i dyplom uznawany w całej Europie

Hiszpania to nie tylko Madryt i Barcelona. To także uczelnie, programy po angielsku, kierunki biznesowe i rosnące możliwości dla absolwentów.

## Dlaczego Hiszpania

Hiszpania może być ciekawa dla osób zainteresowanych biznesem, stosunkami międzynarodowymi, turystyką, naukami społecznymi i designem.

## Koszty

Komisja Europejska wskazuje relatywnie przystępne opłaty na publicznych uczelniach, choć prywatne mogą być znacznie droższe.

## Język

Nie każdy program jest po angielsku. Język hiszpański może być ważny przy praktykach i życiu codziennym.

## Aplikacja

Formalności zależą od regionu, uczelni i statusu kandydata.

## Na co uważać

Różnice regionalne, język programu i założenie, że kraj turystyczny automatycznie jest łatwy aplikacyjnie.

## Jak może pomóc Acadea?

Ten artykuł pokazuje najważniejsze zasady, ale nie zastąpi indywidualnej strategii. W aplikacji znaczenie mają kraj, kierunek, system edukacji, wyniki, budżet, dokumenty, terminy i historia konkretnego ucznia.

W Acadea pomagamy wybrać kraje, uczelnie i kierunki, uporządkować dokumenty, przygotować teksty aplikacyjne i szukać finansowania. Oferujemy również **stypendia na wsparcie aplikacyjne** dla osób, które potrzebują pomocy finansowej.

## Czytaj też

- [Jak wybrać kraj na studia za granicą?](/jak-wybrac-kraj-na-studia-za-granica)
- [Ile kosztują studia za granicą?](/ile-kosztuja-studia-za-granica)",https://education.ec.europa.eu/study-in-europe/country-profiles/spain
22,Kraje,Wszystkie;Kraje,9,"Studia we Włoszech po angielsku — koszty, uczelnie i aplikacja",/studia-we-wloszech-po-angielsku,"Włochy mogą być ciekawą opcją dla osób zainteresowanych biznesem, ekonomią, designem, architekturą i naukami społecznymi.","Zgłoś się do Acadea, jeśli chcesz dopasować strategię do swojej sytuacji. Dostępne są także stypendia na wsparcie aplikacyjne.",medium,"Studia we Włoszech po angielsku — koszty, uczelnie i aplikacja","Włochy mogą być ciekawą opcją dla osób zainteresowanych biznesem, ekonomią, designem, architekturą i naukami społecznymi.",studia we Włoszech po angielsku,"studia za granicą, kraje, koszty, aplikacja","# Studia we Włoszech po angielsku — koszty, uczelnie i aplikacja

Włochy mogą być ciekawą opcją dla osób zainteresowanych biznesem, ekonomią, designem, architekturą i naukami społecznymi.

## Dlaczego Włochy

Włochy mogą być interesujące dla biznesu, ekonomii, designu, architektury, sztuki i nauk społecznych.

## Koszty

Koszty różnią się między uczelniami publicznymi i prywatnymi. Warto sprawdzić regionalne stypendia oraz koszty miasta.

## Język

Część programów jest po angielsku, ale trzeba dokładnie sprawdzić poziom, kierunek i wymagania językowe.

## Aplikacja

Niektóre programy wymagają testów, portfolio albo formalności pre-enrolment.

## Na co uważać

Nie wybieraj Włoch tylko przez skojarzenie z krajem; sprawdź program i ścieżki po studiach.

## Jak może pomóc Acadea?

Ten artykuł pokazuje najważniejsze zasady, ale nie zastąpi indywidualnej strategii. W aplikacji znaczenie mają kraj, kierunek, system edukacji, wyniki, budżet, dokumenty, terminy i historia konkretnego ucznia.

W Acadea pomagamy wybrać kraje, uczelnie i kierunki, uporządkować dokumenty, przygotować teksty aplikacyjne i szukać finansowania. Oferujemy również **stypendia na wsparcie aplikacyjne** dla osób, które potrzebują pomocy finansowej.

## Czytaj też

- [Jak wybrać kraj na studia za granicą?](/jak-wybrac-kraj-na-studia-za-granica)
- [Ile kosztują studia za granicą?](/ile-kosztuja-studia-za-granica)",https://education.ec.europa.eu/study-in-europe
23,Kraje,Wszystkie;Kraje,9,Studia w Danii po angielsku — co warto wiedzieć?,/studia-w-danii-po-angielsku,"Dania oferuje praktyczny styl nauki i międzynarodowe środowisko, ale wybór programów i koszty życia trzeba dokładnie sprawdzić.","Zgłoś się do Acadea, jeśli chcesz dopasować strategię do swojej sytuacji. Dostępne są także stypendia na wsparcie aplikacyjne.",medium,Studia w Danii po angielsku — co warto wiedzieć?,"Dania oferuje praktyczny styl nauki i międzynarodowe środowisko, ale wybór programów i koszty życia trzeba dokładnie sprawdzić.",studia w Danii po angielsku,"studia za granicą, kraje, koszty, aplikacja","# Studia w Danii po angielsku — co warto wiedzieć?

Dania oferuje praktyczny styl nauki i międzynarodowe środowisko, ale wybór programów i koszty życia trzeba dokładnie sprawdzić.

## Dlaczego Dania

Dania jest atrakcyjna dla osób szukających praktycznego stylu nauki, projektów i międzynarodowego środowiska.

## Terminy

Oficjalne informacje wskazują m.in. 15 marca o 12:00 CET i 5 lipca o 12:00 CET.

## Koszty

Koszty życia są wysokie, więc nawet korzystne czesne nie wystarczy bez planu budżetu.

## Dla kogo

Dla osób samodzielnych, dobrze zorganizowanych i gotowych na praktyczny styl studiowania.

## Na co uważać

Ograniczona liczba programów po angielsku w niektórych obszarach oraz mieszkanie.

## Jak może pomóc Acadea?

Ten artykuł pokazuje najważniejsze zasady, ale nie zastąpi indywidualnej strategii. W aplikacji znaczenie mają kraj, kierunek, system edukacji, wyniki, budżet, dokumenty, terminy i historia konkretnego ucznia.

W Acadea pomagamy wybrać kraje, uczelnie i kierunki, uporządkować dokumenty, przygotować teksty aplikacyjne i szukać finansowania. Oferujemy również **stypendia na wsparcie aplikacyjne** dla osób, które potrzebują pomocy finansowej.

## Czytaj też

- [Jak wybrać kraj na studia za granicą?](/jak-wybrac-kraj-na-studia-za-granica)
- [Ile kosztują studia za granicą?](/ile-kosztuja-studia-za-granica)",https://studyindenmark.dk/study-options/how-to-apply; https://lifeindenmark.borger.dk/ActionPage?selfserviceId=6a445c99-3853-42e4-94fc-cd0f7235c261
24,Kraje,Wszystkie;Kraje,9,"Studia w Szwecji po angielsku — kierunki, koszty i wymagania",/studia-w-szwecji-po-angielsku,"Szwecja przyciąga jakością edukacji i nowoczesnym podejściem do nauki, ale wymaga dobrego planu kosztów i aplikacji.","Zgłoś się do Acadea, jeśli chcesz dopasować strategię do swojej sytuacji. Dostępne są także stypendia na wsparcie aplikacyjne.",medium,"Studia w Szwecji po angielsku — kierunki, koszty i wymagania","Szwecja przyciąga jakością edukacji i nowoczesnym podejściem do nauki, ale wymaga dobrego planu kosztów i aplikacji.",studia w Szwecji po angielsku,"studia za granicą, kraje, koszty, aplikacja","# Studia w Szwecji po angielsku — kierunki, koszty i wymagania

Szwecja przyciąga jakością edukacji i nowoczesnym podejściem do nauki, ale wymaga dobrego planu kosztów i aplikacji.

## Dlaczego Szwecja

Szwecja oferuje nowoczesne środowisko nauki, samodzielność i międzynarodowe programy.

## Terminy

University Admissions wskazuje otwarcie pierwszej rundy jesienią i deadline 15 stycznia, z późniejszym terminem na dokumenty.

## Koszty

Dla obywateli UE czesne może być korzystne, ale koszty życia są wysokie.

## Dla kogo

Dla osób samodzielnych, akademicko mocnych i gotowych na projektowy styl nauki.

## Na co uważać

Ograniczony wybór bachelorów po angielsku w niektórych dziedzinach i koszty mieszkania.

## Jak może pomóc Acadea?

Ten artykuł pokazuje najważniejsze zasady, ale nie zastąpi indywidualnej strategii. W aplikacji znaczenie mają kraj, kierunek, system edukacji, wyniki, budżet, dokumenty, terminy i historia konkretnego ucznia.

W Acadea pomagamy wybrać kraje, uczelnie i kierunki, uporządkować dokumenty, przygotować teksty aplikacyjne i szukać finansowania. Oferujemy również **stypendia na wsparcie aplikacyjne** dla osób, które potrzebują pomocy finansowej.

## Czytaj też

- [Jak wybrać kraj na studia za granicą?](/jak-wybrac-kraj-na-studia-za-granica)
- [Ile kosztują studia za granicą?](/ile-kosztuja-studia-za-granica)",https://www.universityadmissions.se/en/key-dates-and-deadlines/autumn-semester-dates/; https://studyinsweden.se/blogs/2025/10/16/everything-you-need-to-know-to-apply-to-study-in-sweden/
25,Kraje,Wszystkie;Kraje,9,Studia w Kanadzie — czy to dobra alternatywa dla USA?,/studia-w-kanadzie,"Kanada może być atrakcyjna dla osób szukających anglojęzycznych studiów poza Europą, ale koszty, terminy i wymagania różnią się od USA.","Zgłoś się do Acadea, jeśli chcesz dopasować strategię do swojej sytuacji. Dostępne są także stypendia na wsparcie aplikacyjne.",medium,Studia w Kanadzie — czy to dobra alternatywa dla USA?,"Kanada może być atrakcyjna dla osób szukających anglojęzycznych studiów poza Europą, ale koszty, terminy i wymagania różnią się od USA.",studia w Kanadzie,"studia za granicą, kraje, koszty, aplikacja","# Studia w Kanadzie — czy to dobra alternatywa dla USA?

Kanada może być atrakcyjna dla osób szukających anglojęzycznych studiów poza Europą, ale koszty, terminy i wymagania różnią się od USA.

## Dlaczego Kanada

Kanada jest często rozważana jako alternatywa dla USA: anglojęzyczna, międzynarodowa i kojarzona z wysoką jakością życia.

## Koszty

Koszty dla international students mogą być wysokie, a stypendia nie zawsze pokrywają większość wydatków.

## Stypendia

EduCanada publikuje informacje o stypendiach dla kandydatów międzynarodowych, ale możliwości zależą od programu i statusu.

## Aplikacja

Terminy zależą od uczelni i prowincji; nie ma jednego systemu dla całego kraju jak UCAS.

## Na co uważać

Nie zakładaj, że Kanada to prostsza wersja USA. To osobny system z własnymi kosztami i formalnościami.

## Jak może pomóc Acadea?

Ten artykuł pokazuje najważniejsze zasady, ale nie zastąpi indywidualnej strategii. W aplikacji znaczenie mają kraj, kierunek, system edukacji, wyniki, budżet, dokumenty, terminy i historia konkretnego ucznia.

W Acadea pomagamy wybrać kraje, uczelnie i kierunki, uporządkować dokumenty, przygotować teksty aplikacyjne i szukać finansowania. Oferujemy również **stypendia na wsparcie aplikacyjne** dla osób, które potrzebują pomocy finansowej.

## Czytaj też

- [Jak wybrać kraj na studia za granicą?](/jak-wybrac-kraj-na-studia-za-granica)
- [Ile kosztują studia za granicą?](/ile-kosztuja-studia-za-granica)",https://www.educanada.ca/scholarships-bourses/index.aspx?lang=eng; https://www.educanada.ca/scholarships-bourses/non_can/index.aspx?lang=eng
26,Stypendia,Wszystkie;Stypendia,14,Ile kosztują studia za granicą i jak znaleźć stypendium?,/ile-kosztuja-studia-za-granica,"Czesne to tylko część budżetu. Wyjaśniamy koszty życia, zakwaterowanie, opłaty aplikacyjne, financial aid i najczęstsze pułapki finansowe.","Zgłoś się do Acadea, jeśli chcesz dopasować strategię do swojej sytuacji. Dostępne są także stypendia na wsparcie aplikacyjne.",pillar,Ile kosztują studia za granicą i jak znaleźć stypendium?,"Czesne to tylko część budżetu. Wyjaśniamy koszty życia, zakwaterowanie, opłaty aplikacyjne, financial aid i najczęstsze pułapki finansowe.",ile kosztują studia za granicą,"stypendia, koszty, financial aid, studia za granicą","# Ile kosztują studia za granicą i jak znaleźć stypendium?

Czesne to tylko część budżetu. Wyjaśniamy koszty życia, zakwaterowanie, opłaty aplikacyjne, financial aid i najczęstsze pułapki finansowe.

## Koszt to nie tylko czesne

Trzeba policzyć mieszkanie, jedzenie, transport, ubezpieczenie, książki, opłaty aplikacyjne, testy, wizę, depozyt i codzienne wydatki.

## Darmowe nie znaczy bezkosztowe

Brak czesnego nie oznacza braku kosztów życia. W miastach z drogim rynkiem mieszkań utrzymanie może być większym problemem niż tuition.

## Europa

W Europie można znaleźć tańsze opcje, ale Dania i Szwecja mają wysokie koszty życia, Holandia problem mieszkaniowy, a Niemcy wymagają dokładnego sprawdzenia języka programu.

## USA

USA bywa bardzo drogie, ale wybrane uczelnie oferują znaczącą pomoc finansową. Zasady różnią się między szkołami.

## Stypendia

Scholarship, grant, financial aid i tuition waiver to różne formy wsparcia. Trzeba sprawdzić, co dokładnie pokrywają.

## Stypendia Acadea

Acadea oferuje stypendia na wsparcie aplikacyjne dla osób, dla których koszt pomocy byłby barierą.

## Jak może pomóc Acadea?

Ten artykuł pokazuje najważniejsze zasady, ale nie zastąpi indywidualnej strategii. W aplikacji znaczenie mają kraj, kierunek, system edukacji, wyniki, budżet, dokumenty, terminy i historia konkretnego ucznia.

W Acadea pomagamy wybrać kraje, uczelnie i kierunki, uporządkować dokumenty, przygotować teksty aplikacyjne i szukać finansowania. Oferujemy również **stypendia na wsparcie aplikacyjne** dla osób, które potrzebują pomocy finansowej.

## Czytaj też

- [Jak dostać się na studia za granicą?](/jak-dostac-sie-na-studia-za-granica)
- [Stypendia Acadea](/stypendia-acadea)",https://www.daad.de/en/studying-in-germany/living-in-germany/finances/; https://college.harvard.edu/admissions/apply/international-applicants; https://mitadmissions.org/help/faq/need-blind-admissions/; https://education.ec.europa.eu/study-in-europe/country-profiles/spain
27,Stypendia,Wszystkie;Stypendia,12,Jak zdobyć stypendium na studia za granicą? Kompletny poradnik,/stypendia-na-studia-za-granica,"Scholarship, grant, financial aid, tuition waiver — sprawdź, czym różnią się formy finansowania i kiedy zacząć szukać wsparcia.","Zgłoś się do Acadea, jeśli chcesz dopasować strategię do swojej sytuacji. Dostępne są także stypendia na wsparcie aplikacyjne.",high,Jak zdobyć stypendium na studia za granicą? Kompletny poradnik,"Scholarship, grant, financial aid, tuition waiver — sprawdź, czym różnią się formy finansowania i kiedy zacząć szukać wsparcia.",stypendium na studia za granicą,"stypendia, koszty, financial aid, studia za granicą","# Jak zdobyć stypendium na studia za granicą? Kompletny poradnik

Scholarship, grant, financial aid, tuition waiver — sprawdź, czym różnią się formy finansowania i kiedy zacząć szukać wsparcia.

## Rodzaje stypendiów

Stypendia mogą być uczelniane, rządowe, fundacyjne, merit-based, need-based, regionalne albo związane z mobilnością.

## Co pokrywa stypendium

Nie każde stypendium pokrywa wszystko. Jedno obniża czesne, inne daje dopłatę do życia, a jeszcze inne jest jednorazowe.

## Gdzie szukać

Zaczynaj od stron uczelni i oficjalnych portali krajowych. Dla Niemiec ważnym źródłem jest DAAD, dla Kanady EduCanada.

## Kiedy aplikować

Często wcześniej niż o same studia. Stypendia mogą mieć osobne formularze i wcześniejsze terminy.

## Jak zwiększyć szanse

Pomaga realistyczna lista uczelni, spójne dokumenty, terminowość i dopasowanie profilu do kryteriów.

## Stypendia Acadea

Acadea oferuje stypendia na wsparcie aplikacyjne, żeby profesjonalna pomoc nie była dostępna tylko dla osób płacących pełną cenę.

## Jak może pomóc Acadea?

Ten artykuł pokazuje najważniejsze zasady, ale nie zastąpi indywidualnej strategii. W aplikacji znaczenie mają kraj, kierunek, system edukacji, wyniki, budżet, dokumenty, terminy i historia konkretnego ucznia.

W Acadea pomagamy wybrać kraje, uczelnie i kierunki, uporządkować dokumenty, przygotować teksty aplikacyjne i szukać finansowania. Oferujemy również **stypendia na wsparcie aplikacyjne** dla osób, które potrzebują pomocy finansowej.

## Czytaj też

- [Jak dostać się na studia za granicą?](/jak-dostac-sie-na-studia-za-granica)
- [Stypendia Acadea](/stypendia-acadea)",https://www.educanada.ca/scholarships-bourses/non_can/index.aspx?lang=eng; https://www.daad.de/en/studying-in-germany/living-in-germany/finances/
28,Stypendia,Wszystkie;Stypendia,10,Darmowe studia za granicą — kiedy to naprawdę możliwe?,/darmowe-studia-za-granica,"Brak czesnego nie oznacza braku kosztów. Sprawdź, jak odróżnić rzeczywiście tanią opcję od programu, który tylko wygląda korzystnie na papierze.","Zgłoś się do Acadea, jeśli chcesz dopasować strategię do swojej sytuacji. Dostępne są także stypendia na wsparcie aplikacyjne.",high,Darmowe studia za granicą — kiedy to naprawdę możliwe?,"Brak czesnego nie oznacza braku kosztów. Sprawdź, jak odróżnić rzeczywiście tanią opcję od programu, który tylko wygląda korzystnie na papierze.",darmowe studia za granicą,"stypendia, koszty, financial aid, studia za granicą","# Darmowe studia za granicą — kiedy to naprawdę możliwe?

Brak czesnego nie oznacza braku kosztów. Sprawdź, jak odróżnić rzeczywiście tanią opcję od programu, który tylko wygląda korzystnie na papierze.

## Co znaczy darmowe

Najczęściej chodzi o brak czesnego albo niskie opłaty administracyjne, a nie o brak kosztów życia.

## Koszty życia

Mieszkanie, jedzenie, transport i depozyt mogą sprawić, że kraj bez czesnego będzie nadal drogi.

## Gdzie szukać

W Europie warto sprawdzać kraje z korzystnymi zasadami dla obywateli UE, ale każdy system ma własne warunki.

## Czy tanio znaczy dobrze

Nie zawsze. Program musi pasować do kierunku, planów i wymagań zawodowych.

## Jak sprawdzić realność

Policz roczny budżet i porównaj go ze stypendiami, pracą studencką i wsparciem rodziny.

## Jak może pomóc Acadea?

Ten artykuł pokazuje najważniejsze zasady, ale nie zastąpi indywidualnej strategii. W aplikacji znaczenie mają kraj, kierunek, system edukacji, wyniki, budżet, dokumenty, terminy i historia konkretnego ucznia.

W Acadea pomagamy wybrać kraje, uczelnie i kierunki, uporządkować dokumenty, przygotować teksty aplikacyjne i szukać finansowania. Oferujemy również **stypendia na wsparcie aplikacyjne** dla osób, które potrzebują pomocy finansowej.

## Czytaj też

- [Jak dostać się na studia za granicą?](/jak-dostac-sie-na-studia-za-granica)
- [Stypendia Acadea](/stypendia-acadea)",https://www.daad.de/en/studying-in-germany/living-in-germany/finances/; https://studyindenmark.dk/study-options/how-to-apply
29,Stypendia,Wszystkie;Stypendia,11,Financial aid dla international students w USA,/financial-aid-usa,"Niektóre uczelnie w USA oferują bardzo dużą pomoc finansową, ale zasady różnią się między szkołami. Zobacz, na co uważać przy układaniu listy.","Zgłoś się do Acadea, jeśli chcesz dopasować strategię do swojej sytuacji. Dostępne są także stypendia na wsparcie aplikacyjne.",high,Financial aid dla international students w USA,"Niektóre uczelnie w USA oferują bardzo dużą pomoc finansową, ale zasady różnią się między szkołami. Zobacz, na co uważać przy układaniu listy.",financial aid dla international students,"stypendia, koszty, financial aid, studia za granicą","# Financial aid dla international students w USA

Niektóre uczelnie w USA oferują bardzo dużą pomoc finansową, ale zasady różnią się między szkołami. Zobacz, na co uważać przy układaniu listy.

## Czym jest financial aid

Financial aid to pomoc finansowa, często zależna od sytuacji materialnej rodziny. Może obejmować granty, scholarships i inne formy wsparcia.

## Need-blind i need-aware

Need-blind oznacza, że potrzeba finansowa nie wpływa na decyzję rekrutacyjną. Need-aware oznacza, że może mieć znaczenie.

## Przykłady selektywnych uczelni

Harvard deklaruje tę samą politykę pomocy finansowej niezależnie od obywatelstwa. MIT podaje, że jest need-blind dla wszystkich studentów. To jednak wyjątki, nie standard całego USA.

## Dokumenty

Aplikacja o aid może wymagać formularzy i dokumentów dochodowych. Nie można zostawić tego na koniec.

## Strategia listy

Kandydat potrzebujący dużego aid nie powinien układać listy wyłącznie według prestiżu.

## Jak może pomóc Acadea?

Ten artykuł pokazuje najważniejsze zasady, ale nie zastąpi indywidualnej strategii. W aplikacji znaczenie mają kraj, kierunek, system edukacji, wyniki, budżet, dokumenty, terminy i historia konkretnego ucznia.

W Acadea pomagamy wybrać kraje, uczelnie i kierunki, uporządkować dokumenty, przygotować teksty aplikacyjne i szukać finansowania. Oferujemy również **stypendia na wsparcie aplikacyjne** dla osób, które potrzebują pomocy finansowej.

## Czytaj też

- [Jak dostać się na studia za granicą?](/jak-dostac-sie-na-studia-za-granica)
- [Stypendia Acadea](/stypendia-acadea)",https://college.harvard.edu/admissions/apply/international-applicants; https://mitadmissions.org/help/faq/need-blind-admissions/; https://www.commonapp.org/apply/first-year-students/
30,Stypendia,Wszystkie;Stypendia,8,Stypendia Acadea — kto może otrzymać wsparcie aplikacyjne?,/stypendia-acadea,"Profesjonalna pomoc w aplikacji nie powinna być dostępna tylko dla osób, które mogą zapłacić pełną cenę. Wyjaśniamy, jak myślimy o stypendiach Acadea.","Zgłoś się do Acadea, jeśli chcesz dopasować strategię do swojej sytuacji. Dostępne są także stypendia na wsparcie aplikacyjne.",high,Stypendia Acadea — kto może otrzymać wsparcie aplikacyjne?,"Profesjonalna pomoc w aplikacji nie powinna być dostępna tylko dla osób, które mogą zapłacić pełną cenę. Wyjaśniamy, jak myślimy o stypendiach Acadea.",stypendia Acadea,"stypendia, koszty, financial aid, studia za granicą","# Stypendia Acadea — kto może otrzymać wsparcie aplikacyjne?

Profesjonalna pomoc w aplikacji nie powinna być dostępna tylko dla osób, które mogą zapłacić pełną cenę. Wyjaśniamy, jak myślimy o stypendiach Acadea.

## Dlaczego oferujemy stypendia

Aplikacja na studia za granicą jest nierówna już na starcie. Część uczniów ma dostęp do doradców i szkół międzynarodowych, a inni muszą samodzielnie zrozumieć system.

## Co może obejmować wsparcie

W zależności od sytuacji stypendium może dotyczyć konsultacji, strategii, feedbacku do dokumentów albo uporządkowania procesu.

## Kto powinien się zgłosić

Warto się zgłosić, jeśli koszt wsparcia jest realną barierą, a kandydat jest gotowy pracować nad aplikacją.

## Czego stypendium nie oznacza

Nie oznacza gwarancji przyjęcia, napisania esejów za ucznia ani automatycznego znalezienia pełnego finansowania studiów.

## Uczciwa pomoc

Pomoc powinna wzmacniać głos ucznia, a nie go zastępować.

## Jak może pomóc Acadea?

Ten artykuł pokazuje najważniejsze zasady, ale nie zastąpi indywidualnej strategii. W aplikacji znaczenie mają kraj, kierunek, system edukacji, wyniki, budżet, dokumenty, terminy i historia konkretnego ucznia.

W Acadea pomagamy wybrać kraje, uczelnie i kierunki, uporządkować dokumenty, przygotować teksty aplikacyjne i szukać finansowania. Oferujemy również **stypendia na wsparcie aplikacyjne** dla osób, które potrzebują pomocy finansowej.

## Czytaj też

- [Jak dostać się na studia za granicą?](/jak-dostac-sie-na-studia-za-granica)
- [Stypendia Acadea](/stypendia-acadea)",
31,Poradniki,Wszystkie;Poradniki,10,Common App: jak działa aplikacja na studia w USA?,/common-app,"Common App to platforma do aplikacji na wiele uczelni w USA, ale sam formularz nie zastępuje strategii, dobrych esejów i przemyślanej listy uczelni.","Zgłoś się do Acadea, jeśli chcesz dopasować strategię do swojej sytuacji. Dostępne są także stypendia na wsparcie aplikacyjne.",high,Common App: jak działa aplikacja na studia w USA?,"Common App to platforma do aplikacji na wiele uczelni w USA, ale sam formularz nie zastępuje strategii, dobrych esejów i przemyślanej listy uczelni.",Common App,"aplikacja, studia za granicą, poradnik","# Common App: jak działa aplikacja na studia w USA?

Common App to platforma do aplikacji na wiele uczelni w USA, ale sam formularz nie zastępuje strategii, dobrych esejów i przemyślanej listy uczelni.

## Co to jest Common App

Common App pozwala kandydatowi wypełnić główny formularz i wysłać aplikacje do wielu uczelni, ale każda szkoła może mieć własne wymagania.

## Activities list

Lista aktywności powinna pokazywać zaangażowanie, inicjatywę i rozwój, a nie tylko liczbę klubów.

## Main essay

Esej główny powinien pokazać głos kandydata i konkretną refleksję.

## Supplementary essays

Dodatkowe eseje pokazują, czy kandydat rozumie daną uczelnię i program.

## Najczęstszy błąd

Największy błąd to traktowanie Common App jak technicznego formularza, a nie spójnej aplikacji.

## Jak może pomóc Acadea?

Ten artykuł pokazuje najważniejsze zasady, ale nie zastąpi indywidualnej strategii. W aplikacji znaczenie mają kraj, kierunek, system edukacji, wyniki, budżet, dokumenty, terminy i historia konkretnego ucznia.

W Acadea pomagamy wybrać kraje, uczelnie i kierunki, uporządkować dokumenty, przygotować teksty aplikacyjne i szukać finansowania. Oferujemy również **stypendia na wsparcie aplikacyjne** dla osób, które potrzebują pomocy finansowej.

## Czytaj też

- [Studia w USA](/studia-w-usa)
- [Jak dostać się na studia za granicą?](/jak-dostac-sie-na-studia-za-granica)",https://www.commonapp.org/; https://www.commonapp.org/apply/first-year-students/; https://membersupport.commonapp.org/membersupport/s/article/What-are-the-different-decision-plans-offered-within-the-Common-App-for-first-year-applicants
32,Poradniki,Wszystkie;Poradniki,10,Esej na studia w USA: czym różni się od personal statement?,/esej-na-studia-w-usa,"Esej do USA nie działa tak jak brytyjski personal statement. Wyjaśniamy, jak pokazać głos, wartości i sposób myślenia bez kopiowania gotowych schematów.","Zgłoś się do Acadea, jeśli chcesz dopasować strategię do swojej sytuacji. Dostępne są także stypendia na wsparcie aplikacyjne.",high,Esej na studia w USA: czym różni się od personal statement?,"Esej do USA nie działa tak jak brytyjski personal statement. Wyjaśniamy, jak pokazać głos, wartości i sposób myślenia bez kopiowania gotowych schematów.",esej na studia w USA,"aplikacja, studia za granicą, poradnik","# Esej na studia w USA: czym różni się od personal statement?

Esej do USA nie działa tak jak brytyjski personal statement. Wyjaśniamy, jak pokazać głos, wartości i sposób myślenia bez kopiowania gotowych schematów.

## Co ma pokazać esej

Esej ma pomóc komisji zobaczyć człowieka za ocenami i aktywnościami.

## Mała historia może wystarczyć

Nie trzeba opisywać dramatycznego wydarzenia. Konkretna refleksja jest ważniejsza niż skala tematu.

## Czego unikać

Unikaj gotowych schematów, patosu, powtarzania CV i tekstu brzmiącego jak reklama idealnego ucznia.

## Main vs supplements

Main essay jest bardziej ogólny, a supplements są dopasowane do konkretnej uczelni.

## Feedback

Feedback powinien wzmacniać głos ucznia, nie zastępować go cudzym stylem.

## Jak może pomóc Acadea?

Ten artykuł pokazuje najważniejsze zasady, ale nie zastąpi indywidualnej strategii. W aplikacji znaczenie mają kraj, kierunek, system edukacji, wyniki, budżet, dokumenty, terminy i historia konkretnego ucznia.

W Acadea pomagamy wybrać kraje, uczelnie i kierunki, uporządkować dokumenty, przygotować teksty aplikacyjne i szukać finansowania. Oferujemy również **stypendia na wsparcie aplikacyjne** dla osób, które potrzebują pomocy finansowej.

## Czytaj też

- [Studia w USA](/studia-w-usa)
- [Jak dostać się na studia za granicą?](/jak-dostac-sie-na-studia-za-granica)",https://www.commonapp.org/blog/announcing-2025-2026-common-app-essay-prompts/
33,Poradniki,Wszystkie;Poradniki,8,Czy warto zdawać SAT albo ACT?,/sat-act,"Zasady testów w USA zmieniają się między uczelniami. Sprawdź, kiedy SAT lub ACT może pomóc, a kiedy nie powinien być priorytetem.","Zgłoś się do Acadea, jeśli chcesz dopasować strategię do swojej sytuacji. Dostępne są także stypendia na wsparcie aplikacyjne.",high,Czy warto zdawać SAT albo ACT?,"Zasady testów w USA zmieniają się między uczelniami. Sprawdź, kiedy SAT lub ACT może pomóc, a kiedy nie powinien być priorytetem.",czy warto zdawać SAT,"aplikacja, studia za granicą, poradnik","# Czy warto zdawać SAT albo ACT?

Zasady testów w USA zmieniają się między uczelniami. Sprawdź, kiedy SAT lub ACT może pomóc, a kiedy nie powinien być priorytetem.

## Kiedy test pomaga

Dobry wynik może potwierdzić przygotowanie akademickie i wzmocnić aplikację.

## Kiedy test nie jest priorytetem

Jeśli uczelnie są test-optional, wynik próbny słaby, a czasu mało, czasem lepiej skupić się na esejach i strategii.

## SAT czy ACT

Wybór zależy od formatu, stylu pracy i dostępnych terminów.

## Planowanie

Testy trzeba planować z czasem na wynik i ewentualną poprawkę.

## Najczęstszy błąd

Największy błąd to zdawać test bez sprawdzenia, czy pasuje do listy uczelni.

## Jak może pomóc Acadea?

Ten artykuł pokazuje najważniejsze zasady, ale nie zastąpi indywidualnej strategii. W aplikacji znaczenie mają kraj, kierunek, system edukacji, wyniki, budżet, dokumenty, terminy i historia konkretnego ucznia.

W Acadea pomagamy wybrać kraje, uczelnie i kierunki, uporządkować dokumenty, przygotować teksty aplikacyjne i szukać finansowania. Oferujemy również **stypendia na wsparcie aplikacyjne** dla osób, które potrzebują pomocy finansowej.

## Czytaj też

- [Studia w USA](/studia-w-usa)
- [Jak dostać się na studia za granicą?](/jak-dostac-sie-na-studia-za-granica)",https://satsuite.collegeboard.org/sat/dates-deadlines
34,Poradniki,Wszystkie;Poradniki,9,Studia za granicą: poradnik dla rodziców,/studia-za-granica-poradnik-dla-rodzicow,"Wyjazd dziecka na studia za granicą to decyzja akademicka, finansowa i emocjonalna. Sprawdź, jak rodzic może wspierać proces bez chaosu.","Zgłoś się do Acadea, jeśli chcesz dopasować strategię do swojej sytuacji. Dostępne są także stypendia na wsparcie aplikacyjne.",medium,Studia za granicą: poradnik dla rodziców,"Wyjazd dziecka na studia za granicą to decyzja akademicka, finansowa i emocjonalna. Sprawdź, jak rodzic może wspierać proces bez chaosu.",studia za granicą poradnik dla rodziców,"aplikacja, studia za granicą, poradnik","# Studia za granicą: poradnik dla rodziców

Wyjazd dziecka na studia za granicą to decyzja akademicka, finansowa i emocjonalna. Sprawdź, jak rodzic może wspierać proces bez chaosu.

## Co powinien wiedzieć rodzic

Różne kraje mają różne systemy, terminy, dokumenty i koszty. Rodzic nie musi znać wszystkiego, ale powinien rozumieć strukturę procesu.

## Finanse

Rodzina powinna policzyć cały budżet, nie tylko czesne.

## Mieszkanie i bezpieczeństwo

Zakwaterowanie trzeba planować wcześnie, szczególnie w krajach z trudnym rynkiem mieszkań.

## Wsparcie emocjonalne

Wyjazd oznacza samodzielność i adaptację. Rodzic może wspierać bez przejmowania kontroli.

## Granica pomocy

Rodzic może organizować i pytać, ale aplikacja i eseje muszą zostać głosem ucznia.

## Jak może pomóc Acadea?

Ten artykuł pokazuje najważniejsze zasady, ale nie zastąpi indywidualnej strategii. W aplikacji znaczenie mają kraj, kierunek, system edukacji, wyniki, budżet, dokumenty, terminy i historia konkretnego ucznia.

W Acadea pomagamy wybrać kraje, uczelnie i kierunki, uporządkować dokumenty, przygotować teksty aplikacyjne i szukać finansowania. Oferujemy również **stypendia na wsparcie aplikacyjne** dla osób, które potrzebują pomocy finansowej.

## Czytaj też

- [Studia w USA](/studia-w-usa)
- [Jak dostać się na studia za granicą?](/jak-dostac-sie-na-studia-za-granica)",
35,Poradniki,Wszystkie;Poradniki,8,"Jak rodzic może pomóc w aplikacji, nie pisząc jej za dziecko?",/jak-rodzic-moze-pomoc-w-aplikacji,"Rodzic może być ogromnym wsparciem organizacyjnym i emocjonalnym, ale aplikacja musi zostać głosem ucznia. Wyjaśniamy, gdzie jest granica.","Zgłoś się do Acadea, jeśli chcesz dopasować strategię do swojej sytuacji. Dostępne są także stypendia na wsparcie aplikacyjne.",medium,"Jak rodzic może pomóc w aplikacji, nie pisząc jej za dziecko?","Rodzic może być ogromnym wsparciem organizacyjnym i emocjonalnym, ale aplikacja musi zostać głosem ucznia. Wyjaśniamy, gdzie jest granica.",jak rodzic może pomóc w aplikacji,"aplikacja, studia za granicą, poradnik","# Jak rodzic może pomóc w aplikacji, nie pisząc jej za dziecko?

Rodzic może być ogromnym wsparciem organizacyjnym i emocjonalnym, ale aplikacja musi zostać głosem ucznia. Wyjaśniamy, gdzie jest granica.

## W czym rodzic pomaga

Rodzic może wspierać kalendarz, budżet, dokumenty i rozmowy o decyzjach.

## Gdzie jest granica

Rodzic nie powinien pisać esejów ani zmieniać stylu tak, że tekst przestaje brzmieć jak uczeń.

## Dlaczego to ważne

Komisja chce poznać kandydata, nie dorosłego autora tekstu.

## Rola mentora

Mentor może być neutralną osobą między rodzicem a uczniem.

## Uczciwa aplikacja

Najlepsza pomoc wzmacnia autentyczność, zamiast ją zastępować.

## Jak może pomóc Acadea?

Ten artykuł pokazuje najważniejsze zasady, ale nie zastąpi indywidualnej strategii. W aplikacji znaczenie mają kraj, kierunek, system edukacji, wyniki, budżet, dokumenty, terminy i historia konkretnego ucznia.

W Acadea pomagamy wybrać kraje, uczelnie i kierunki, uporządkować dokumenty, przygotować teksty aplikacyjne i szukać finansowania. Oferujemy również **stypendia na wsparcie aplikacyjne** dla osób, które potrzebują pomocy finansowej.

## Czytaj też

- [Studia w USA](/studia-w-usa)
- [Jak dostać się na studia za granicą?](/jak-dostac-sie-na-studia-za-granica)",
36,Poradniki,Wszystkie;Poradniki,9,Jak aplikować na ekonomię za granicą?,/jak-aplikowac-na-ekonomie-za-granica,Ekonomia często wymaga mocnej matematyki i dobrego rozróżnienia między economics a business.,"Zgłoś się do Acadea, jeśli chcesz dopasować strategię do swojej sytuacji. Dostępne są także stypendia na wsparcie aplikacyjne.",medium,Jak aplikować na ekonomię za granicą?,Ekonomia często wymaga mocnej matematyki i dobrego rozróżnienia między economics a business.,jak aplikować na ekonomię za granicą,"kierunek studiów, wymagania, aplikacja za granicą","# Jak aplikować na ekonomię za granicą?

Ekonomia często wymaga mocnej matematyki i dobrego rozróżnienia między economics a business.

## Wymagania

Ekonomia często wymaga mocnej matematyki i dobrego rozróżnienia między economics a business. Trzeba sprawdzić konkretne przedmioty, poziomy i strukturę programu, zanim wybierze się listę uczelni.

## Jak pokazać zainteresowanie

Nie wystarczy napisać, że kierunek jest ciekawy. Warto pokazać książki, projekty, konkursy, kursy, doświadczenia albo pytania, które realnie rozwinęły zainteresowanie.

## Wybór kraju

UK, USA i Europa kontynentalna mogą mieć zupełnie różne podejście do tego samego kierunku. Warto sprawdzić elastyczność programu, praktyki i dalsze ścieżki.

## Najczęstsze błędy

Najczęstsze błędy to wybór programu po nazwie, ignorowanie wymagań i brak sprawdzenia perspektyw zawodowych.

## Jak myśleć strategicznie

Lista uczelni powinna wynikać z profilu ucznia, wymagań programu, kosztów i planów po studiach.

## Jak może pomóc Acadea?

Ten artykuł pokazuje najważniejsze zasady, ale nie zastąpi indywidualnej strategii. W aplikacji znaczenie mają kraj, kierunek, system edukacji, wyniki, budżet, dokumenty, terminy i historia konkretnego ucznia.

W Acadea pomagamy wybrać kraje, uczelnie i kierunki, uporządkować dokumenty, przygotować teksty aplikacyjne i szukać finansowania. Oferujemy również **stypendia na wsparcie aplikacyjne** dla osób, które potrzebują pomocy finansowej.

## Czytaj też

- [Jak wybrać kierunek studiów za granicą?](/jak-wybrac-kierunek-studiow-za-granica)
- [Studia za granicą z polską maturą, IB albo A-levels](/studia-za-granica-polska-matura-ib-a-levels)",
37,Poradniki,Wszystkie;Poradniki,9,Jak aplikować na prawo za granicą?,/jak-aplikowac-na-prawo-za-granica,"Prawo jest silnie zależne od kraju i ścieżki zawodowej, dlatego wybór uczelni wymaga ostrożności.","Zgłoś się do Acadea, jeśli chcesz dopasować strategię do swojej sytuacji. Dostępne są także stypendia na wsparcie aplikacyjne.",medium,Jak aplikować na prawo za granicą?,"Prawo jest silnie zależne od kraju i ścieżki zawodowej, dlatego wybór uczelni wymaga ostrożności.",jak aplikować na prawo za granicą,"kierunek studiów, wymagania, aplikacja za granicą","# Jak aplikować na prawo za granicą?

Prawo jest silnie zależne od kraju i ścieżki zawodowej, dlatego wybór uczelni wymaga ostrożności.

## Wymagania

Prawo jest silnie zależne od kraju i ścieżki zawodowej, dlatego wybór uczelni wymaga ostrożności. Trzeba sprawdzić konkretne przedmioty, poziomy i strukturę programu, zanim wybierze się listę uczelni.

## Jak pokazać zainteresowanie

Nie wystarczy napisać, że kierunek jest ciekawy. Warto pokazać książki, projekty, konkursy, kursy, doświadczenia albo pytania, które realnie rozwinęły zainteresowanie.

## Wybór kraju

UK, USA i Europa kontynentalna mogą mieć zupełnie różne podejście do tego samego kierunku. Warto sprawdzić elastyczność programu, praktyki i dalsze ścieżki.

## Najczęstsze błędy

Najczęstsze błędy to wybór programu po nazwie, ignorowanie wymagań i brak sprawdzenia perspektyw zawodowych.

## Jak myśleć strategicznie

Lista uczelni powinna wynikać z profilu ucznia, wymagań programu, kosztów i planów po studiach.

## Jak może pomóc Acadea?

Ten artykuł pokazuje najważniejsze zasady, ale nie zastąpi indywidualnej strategii. W aplikacji znaczenie mają kraj, kierunek, system edukacji, wyniki, budżet, dokumenty, terminy i historia konkretnego ucznia.

W Acadea pomagamy wybrać kraje, uczelnie i kierunki, uporządkować dokumenty, przygotować teksty aplikacyjne i szukać finansowania. Oferujemy również **stypendia na wsparcie aplikacyjne** dla osób, które potrzebują pomocy finansowej.

## Czytaj też

- [Jak wybrać kierunek studiów za granicą?](/jak-wybrac-kierunek-studiow-za-granica)
- [Studia za granicą z polską maturą, IB albo A-levels](/studia-za-granica-polska-matura-ib-a-levels)",
38,Poradniki,Wszystkie;Poradniki,9,Jak aplikować na psychologię za granicą?,/jak-aplikowac-na-psychologie-za-granica,"Psychologia za granicą może być badawcza, kliniczna albo społeczna — i często wymaga statystyki oraz dalszej specjalizacji.","Zgłoś się do Acadea, jeśli chcesz dopasować strategię do swojej sytuacji. Dostępne są także stypendia na wsparcie aplikacyjne.",medium,Jak aplikować na psychologię za granicą?,"Psychologia za granicą może być badawcza, kliniczna albo społeczna — i często wymaga statystyki oraz dalszej specjalizacji.",jak aplikować na psychologię za granicą,"kierunek studiów, wymagania, aplikacja za granicą","# Jak aplikować na psychologię za granicą?

Psychologia za granicą może być badawcza, kliniczna albo społeczna — i często wymaga statystyki oraz dalszej specjalizacji.

## Wymagania

Psychologia za granicą może być badawcza, kliniczna albo społeczna — i często wymaga statystyki oraz dalszej specjalizacji. Trzeba sprawdzić konkretne przedmioty, poziomy i strukturę programu, zanim wybierze się listę uczelni.

## Jak pokazać zainteresowanie

Nie wystarczy napisać, że kierunek jest ciekawy. Warto pokazać książki, projekty, konkursy, kursy, doświadczenia albo pytania, które realnie rozwinęły zainteresowanie.

## Wybór kraju

UK, USA i Europa kontynentalna mogą mieć zupełnie różne podejście do tego samego kierunku. Warto sprawdzić elastyczność programu, praktyki i dalsze ścieżki.

## Najczęstsze błędy

Najczęstsze błędy to wybór programu po nazwie, ignorowanie wymagań i brak sprawdzenia perspektyw zawodowych.

## Jak myśleć strategicznie

Lista uczelni powinna wynikać z profilu ucznia, wymagań programu, kosztów i planów po studiach.

## Jak może pomóc Acadea?

Ten artykuł pokazuje najważniejsze zasady, ale nie zastąpi indywidualnej strategii. W aplikacji znaczenie mają kraj, kierunek, system edukacji, wyniki, budżet, dokumenty, terminy i historia konkretnego ucznia.

W Acadea pomagamy wybrać kraje, uczelnie i kierunki, uporządkować dokumenty, przygotować teksty aplikacyjne i szukać finansowania. Oferujemy również **stypendia na wsparcie aplikacyjne** dla osób, które potrzebują pomocy finansowej.

## Czytaj też

- [Jak wybrać kierunek studiów za granicą?](/jak-wybrac-kierunek-studiow-za-granica)
- [Studia za granicą z polską maturą, IB albo A-levels](/studia-za-granica-polska-matura-ib-a-levels)",
39,Poradniki,Wszystkie;Poradniki,9,Jak aplikować na medycynę za granicą?,/jak-aplikowac-na-medycyne-za-granica,"Medycyna wymaga bardzo wczesnego sprawdzenia przedmiotów, testów, uznawalności dyplomu i ścieżki zawodowej.","Zgłoś się do Acadea, jeśli chcesz dopasować strategię do swojej sytuacji. Dostępne są także stypendia na wsparcie aplikacyjne.",medium,Jak aplikować na medycynę za granicą?,"Medycyna wymaga bardzo wczesnego sprawdzenia przedmiotów, testów, uznawalności dyplomu i ścieżki zawodowej.",jak aplikować na medycynę za granicą,"kierunek studiów, wymagania, aplikacja za granicą","# Jak aplikować na medycynę za granicą?

Medycyna wymaga bardzo wczesnego sprawdzenia przedmiotów, testów, uznawalności dyplomu i ścieżki zawodowej.

## Wymagania

Medycyna wymaga bardzo wczesnego sprawdzenia przedmiotów, testów, uznawalności dyplomu i ścieżki zawodowej. Trzeba sprawdzić konkretne przedmioty, poziomy i strukturę programu, zanim wybierze się listę uczelni.

## Jak pokazać zainteresowanie

Nie wystarczy napisać, że kierunek jest ciekawy. Warto pokazać książki, projekty, konkursy, kursy, doświadczenia albo pytania, które realnie rozwinęły zainteresowanie.

## Wybór kraju

UK, USA i Europa kontynentalna mogą mieć zupełnie różne podejście do tego samego kierunku. Warto sprawdzić elastyczność programu, praktyki i dalsze ścieżki.

## Najczęstsze błędy

Najczęstsze błędy to wybór programu po nazwie, ignorowanie wymagań i brak sprawdzenia perspektyw zawodowych.

## Jak myśleć strategicznie

Lista uczelni powinna wynikać z profilu ucznia, wymagań programu, kosztów i planów po studiach.

## Jak może pomóc Acadea?

Ten artykuł pokazuje najważniejsze zasady, ale nie zastąpi indywidualnej strategii. W aplikacji znaczenie mają kraj, kierunek, system edukacji, wyniki, budżet, dokumenty, terminy i historia konkretnego ucznia.

W Acadea pomagamy wybrać kraje, uczelnie i kierunki, uporządkować dokumenty, przygotować teksty aplikacyjne i szukać finansowania. Oferujemy również **stypendia na wsparcie aplikacyjne** dla osób, które potrzebują pomocy finansowej.

## Czytaj też

- [Jak wybrać kierunek studiów za granicą?](/jak-wybrac-kierunek-studiow-za-granica)
- [Studia za granicą z polską maturą, IB albo A-levels](/studia-za-granica-polska-matura-ib-a-levels)",
40,Poradniki,Wszystkie;Poradniki,9,Jak aplikować na informatykę za granicą?,/jak-aplikowac-na-informatyke-za-granica,"Informatyka to nie tylko kodowanie — programy różnią się matematyką, teorią, projektami i specjalizacjami.","Zgłoś się do Acadea, jeśli chcesz dopasować strategię do swojej sytuacji. Dostępne są także stypendia na wsparcie aplikacyjne.",medium,Jak aplikować na informatykę za granicą?,"Informatyka to nie tylko kodowanie — programy różnią się matematyką, teorią, projektami i specjalizacjami.",jak aplikować na informatykę za granicą,"kierunek studiów, wymagania, aplikacja za granicą","# Jak aplikować na informatykę za granicą?

Informatyka to nie tylko kodowanie — programy różnią się matematyką, teorią, projektami i specjalizacjami.

## Wymagania

Informatyka to nie tylko kodowanie — programy różnią się matematyką, teorią, projektami i specjalizacjami. Trzeba sprawdzić konkretne przedmioty, poziomy i strukturę programu, zanim wybierze się listę uczelni.

## Jak pokazać zainteresowanie

Nie wystarczy napisać, że kierunek jest ciekawy. Warto pokazać książki, projekty, konkursy, kursy, doświadczenia albo pytania, które realnie rozwinęły zainteresowanie.

## Wybór kraju

UK, USA i Europa kontynentalna mogą mieć zupełnie różne podejście do tego samego kierunku. Warto sprawdzić elastyczność programu, praktyki i dalsze ścieżki.

## Najczęstsze błędy

Najczęstsze błędy to wybór programu po nazwie, ignorowanie wymagań i brak sprawdzenia perspektyw zawodowych.

## Jak myśleć strategicznie

Lista uczelni powinna wynikać z profilu ucznia, wymagań programu, kosztów i planów po studiach.

## Jak może pomóc Acadea?

Ten artykuł pokazuje najważniejsze zasady, ale nie zastąpi indywidualnej strategii. W aplikacji znaczenie mają kraj, kierunek, system edukacji, wyniki, budżet, dokumenty, terminy i historia konkretnego ucznia.

W Acadea pomagamy wybrać kraje, uczelnie i kierunki, uporządkować dokumenty, przygotować teksty aplikacyjne i szukać finansowania. Oferujemy również **stypendia na wsparcie aplikacyjne** dla osób, które potrzebują pomocy finansowej.

## Czytaj też

- [Jak wybrać kierunek studiów za granicą?](/jak-wybrac-kierunek-studiow-za-granica)
- [Studia za granicą z polską maturą, IB albo A-levels](/studia-za-granica-polska-matura-ib-a-levels)",
